date,roll_vol_20,year
2015-01-09,0.4762578015986767,2015
2015-01-12,0.4641737181917432,2015
2015-01-13,0.4378835698217902,2015
2015-01-14,0.4224960163960516,2015
2015-01-15,0.4273390356831574,2015
2015-01-16,0.42095837283401494,2015
2015-01-19,0.4558590717542382,2015
2015-01-20,0.44431468205160385,2015
2015-01-21,0.44458931316683714,2015
2015-01-22,0.4338607713201569,2015
2015-01-23,0.4363543754491274,2015
2015-01-26,0.43449919572235934,2015
2015-01-27,0.4319994467936085,2015
2015-01-28,0.43659075383389334,2015
2015-01-29,0.4374790998149999,2015
2015-01-30,0.4388452793543624,2015
2015-02-02,0.4259380494465768,2015
2015-02-03,0.43403626369565546,2015
2015-02-04,0.4169445034781448,2015
2015-02-05,0.43679776166958917,2015
2015-02-06,0.4285711818437289,2015
2015-02-09,0.4314269069091913,2015
2015-02-10,0.43124777675557785,2015
2015-02-11,0.43380260735086507,2015
2015-02-12,0.4477421257732287,2015
2015-02-13,0.435534913878842,2015
2015-02-18,0.4174018562083192,2015
2015-02-19,0.4118303602806171,2015
2015-02-20,0.4132837413061696,2015
2015-02-23,0.41255082497996753,2015
2015-02-24,0.40058307589440545,2015
2015-02-25,0.40474392026142214,2015
2015-02-26,0.40950389794336295,2015
2015-02-27,0.41139957187536164,2015
2015-03-02,0.40945908639242945,2015
2015-03-03,0.3998762138028249,2015
2015-03-04,0.39594847972544345,2015
2015-03-05,0.4022191440565395,2015
2015-03-06,0.3977399467144691,2015
2015-03-09,0.39364291732868634,2015
2015-03-10,0.39131065022800193,2015
2015-03-11,0.3900830620673273,2015
2015-03-12,0.38419151045019595,2015
2015-03-13,0.3934684606755173,2015
2015-03-16,0.3863885050473605,2015
2015-03-17,0.3820529941678079,2015
2015-03-18,0.3935411412352848,2015
2015-03-19,0.385634784657254,2015
2015-03-20,0.40458594848314605,2015
2015-03-23,0.4007873163466614,2015
2015-03-24,0.38689201649356697,2015
2015-03-25,0.3988165638400975,2015
2015-03-26,0.40961672400859206,2015
2015-03-27,0.401561989403491,2015
2015-03-30,0.41553391615249646,2015
2015-03-31,0.4245666680033704,2015
2015-04-01,0.4153859800712632,2015
2015-04-02,0.408296798983099,2015
2015-04-06,0.4112808610645957,2015
2015-04-07,0.39929659128637407,2015
2015-04-08,0.40614391202879513,2015
2015-04-09,0.4005840437571048,2015
2015-04-10,0.38759190770979246,2015
2015-04-13,0.38592743942611113,2015
2015-04-14,0.40291912331558966,2015
2015-04-15,0.39618856365120275,2015
2015-04-16,0.38024823524137447,2015
2015-04-17,0.3740716040889314,2015
2015-04-20,0.3702445427817111,2015
2015-04-22,0.3767886034972312,2015
2015-04-23,0.3700015082035599,2015
2015-04-24,0.3869207703340282,2015
2015-04-27,0.3809257652587241,2015
2015-04-28,0.37685267584370974,2015
2015-04-29,0.3742159720354892,2015
2015-04-30,0.39774154250385696,2015
2015-05-04,0.3912897918222944,2015
2015-05-05,0.40583033406055957,2015
2015-05-06,0.4116510273938735,2015
2015-05-07,0.4161725969886154,2015
2015-05-08,0.4158714451916163,2015
2015-05-11,0.4123730935064588,2015
2015-05-12,0.41676611496509847,2015
2015-05-13,0.412914480676517,2015
2015-05-14,0.4219618844886108,2015
2015-05-15,0.41848482138261767,2015
2015-05-18,0.42538540779114364,2015
2015-05-19,0.4206051067809884,2015
2015-05-20,0.41995386774651744,2015
2015-05-21,0.4115786515911439,2015
2015-05-22,0.41850831529185617,2015
2015-05-25,0.42542864135819436,2015
2015-05-26,0.4067513343473897,2015
2015-05-27,0.40651841549953727,2015
2015-05-28,0.4044251446644596,2015
2015-05-29,0.4063687104341817,2015
2015-06-01,0.39848923789578966,2015
2015-06-02,0.38241676600420843,2015
2015-06-03,0.37069867644503157,2015
2015-06-05,0.36377709541754755,2015
2015-06-08,0.365257586111221,2015
2015-06-09,0.3566051525773488,2015
2015-06-10,0.368648629517506,2015
2015-06-11,0.34541695223637314,2015
2015-06-12,0.3380420041157771,2015
2015-06-15,0.33542074222827767,2015
2015-06-16,0.3436730932919761,2015
2015-06-17,0.34216623324046264,2015
2015-06-18,0.33212123763221413,2015
2015-06-19,0.3340567844503329,2015
2015-06-22,0.33517678275634133,2015
2015-06-23,0.3284599267888977,2015
2015-06-24,0.3268849498683792,2015
2015-06-25,0.3298770423837735,2015
2015-06-26,0.3319983544387658,2015
2015-06-29,0.3324949189393793,2015
2015-06-30,0.3275367335410417,2015
2015-07-01,0.32774286406559905,2015
2015-07-02,0.3364293317928475,2015
2015-07-03,0.33089082933251435,2015
2015-07-06,0.31791252795909347,2015
2015-07-07,0.32989193657129035,2015
2015-07-08,0.3282533899084407,2015
2015-07-10,0.32214860139064855,2015
2015-07-13,0.32168130000465756,2015
2015-07-14,0.3478041296514145,2015
2015-07-15,0.3438969160135561,2015
2015-07-16,0.35965042617847076,2015
2015-07-17,0.3423315173543232,2015
2015-07-20,0.32928526047360673,2015
2015-07-21,0.3318102187802464,2015
2015-07-22,0.33805706298007054,2015
2015-07-23,0.3512224811110965,2015
2015-07-24,0.36683512109907557,2015
2015-07-27,0.3392549349625569,2015
2015-07-28,0.3368156561094255,2015
2015-07-29,0.34125972866174237,2015
2015-07-30,0.3473155707935479,2015
2015-07-31,0.36521552534581014,2015
2015-08-03,0.3429396525184814,2015
2015-08-04,0.35632253440916406,2015
2015-08-05,0.3708201491124399,2015
2015-08-06,0.3667059269723831,2015
2015-08-07,0.37145165803437097,2015
2015-08-10,0.37145165803437097,2015
2015-08-11,0.3811537839762824,2015
2015-08-12,0.38763092742136407,2015
2015-08-13,0.38595804899835495,2015
2015-08-14,0.38751682930453035,2015
2015-08-17,0.3842998554024237,2015
2015-08-18,0.38710245775226915,2015
2015-08-19,0.4072294615757218,2015
2015-08-20,0.4124945286039097,2015
2015-08-21,0.40055222475941027,2015
2015-08-24,0.4301864371542718,2015
2015-08-25,0.4389536995314537,2015
2015-08-26,0.43939465705576086,2015
2015-08-27,0.45579033106026284,2015
2015-08-28,0.43286914902938256,2015
2015-08-31,0.46083768872347386,2015
2015-09-01,0.4361528702366093,2015
2015-09-02,0.4411451465598953,2015
2015-09-03,0.45895434481727976,2015
2015-09-04,0.4372246387083997,2015
2015-09-08,0.4517493065948526,2015
2015-09-09,0.4495284378672656,2015
2015-09-10,0.44594619385907874,2015
2015-09-11,0.4424848535015851,2015
2015-09-14,0.45523039044493213,2015
2015-09-15,0.44458969756076566,2015
2015-09-16,0.4591946630827036,2015
2015-09-17,0.4581978633683406,2015
2015-09-18,0.48372176190262284,2015
2015-09-21,0.4712227994389962,2015
2015-09-22,0.4505595696735231,2015
2015-09-23,0.4735082624384136,2015
2015-09-24,0.4501409057550655,2015
2015-09-25,0.4487117030690835,2015
2015-09-28,0.4499954850142838,2015
2015-09-29,0.4508939960278898,2015
2015-09-30,0.4620106923252165,2015
2015-10-01,0.44656565424428957,2015
2015-10-02,0.46158100416639486,2015
2015-10-05,0.4633662604360051,2015
2015-10-06,0.4719506208977408,2015
2015-10-07,0.4767329129687863,2015
2015-10-08,0.4640886621206792,2015
2015-10-09,0.46053468109128015,2015
2015-10-13,0.460805448316694,2015
2015-10-14,0.4589741184787712,2015
2015-10-15,0.4582322716743658,2015
2015-10-16,0.48707551738144733,2015
2015-10-19,0.46047679043554635,2015
2015-10-20,0.4739151459862992,2015
2015-10-21,0.45856406064973215,2015
2015-10-22,0.4495963300488655,2015
2015-10-23,0.45637976390649676,2015
2015-10-26,0.4477329443032918,2015
2015-10-27,0.4373527215103572,2015
2015-10-28,0.43993896234796104,2015
2015-10-29,0.44950037988135316,2015
2015-10-30,0.45825278093423916,2015
2015-11-03,0.4508693937414489,2015
2015-11-04,0.4586642068125195,2015
2015-11-05,0.4355050701496567,2015
2015-11-06,0.4601732724817086,2015
2015-11-09,0.4414454061201513,2015
2015-11-10,0.44022451933931617,2015
2015-11-11,0.44110400800551786,2015
2015-11-12,0.43756845026137386,2015
2015-11-13,0.43374069947161265,2015
2015-11-16,0.440305855741061,2015
2015-11-17,0.43258785131403293,2015
2015-11-18,0.41949677013111963,2015
2015-11-19,0.421188853654952,2015
2015-11-23,0.430954147342751,2015
2015-11-24,0.4164184545838623,2015
2015-11-25,0.42268034338856997,2015
2015-11-26,0.4341532252512927,2015
2015-11-27,0.42587099476442264,2015
2015-11-30,0.424685487092545,2015
2015-12-01,0.41606455775863155,2015
2015-12-02,0.41822013425244287,2015
2015-12-03,0.41923845760589123,2015
2015-12-04,0.4093573213197342,2015
2015-12-07,0.41872423458162167,2015
2015-12-08,0.4212053670027002,2015
2015-12-09,0.4224564685389189,2015
2015-12-10,0.4284812226243403,2015
2015-12-11,0.42712614413988326,2015
2015-12-14,0.42321344877952544,2015
2015-12-15,0.44159775043390764,2015
2015-12-16,0.4276203554170085,2015
2015-12-17,0.42916521629261506,2015
2015-12-18,0.4402620967490629,2015
2015-12-21,0.4353259125275385,2015
2015-12-22,0.4315312808503412,2015
2015-12-23,0.4297922785847299,2015
2015-12-28,0.4423815603601212,2015
2015-12-29,0.4293805221604289,2015
2015-12-30,0.4393133011147408,2015
2016-01-04,0.4468342214416148,2016
2016-01-05,0.4680921471818081,2016
2016-01-06,0.4647743745031245,2016
2016-01-07,0.44943597146688835,2016
2016-01-08,0.4543372306217085,2016
2016-01-11,0.4450259421789091,2016
2016-01-12,0.44109869172679506,2016
2016-01-13,0.44599604670200715,2016
2016-01-14,0.4489897282383711,2016
2016-01-15,0.4453978798969174,2016
2016-01-18,0.48065012812054464,2016
2016-01-19,0.45600846973215814,2016
2016-01-20,0.45648735322351613,2016
2016-01-21,0.4395621607991815,2016
2016-01-22,0.44414151963554593,2016
2016-01-26,0.4560753510897592,2016
2016-01-27,0.462095897961285,2016
2016-01-28,0.46245837815532753,2016
2016-01-29,0.49044153679571945,2016
2016-02-01,0.48858554666897924,2016
2016-02-02,0.5115295784479746,2016
2016-02-03,0.48981563089991903,2016
2016-02-04,0.49968104348089953,2016
2016-02-05,0.5054165048214438,2016
2016-02-10,0.48555150598068175,2016
2016-02-11,0.5088379735358093,2016
2016-02-12,0.504539811617355,2016
2016-02-15,0.5136076525198033,2016
2016-02-16,0.5206780751396145,2016
2016-02-17,0.52158804294289,2016
2016-02-18,0.5313661575651606,2016
2016-02-19,0.5293950468221512,2016
2016-02-22,0.5223820673181314,2016
2016-02-23,0.5386674528436464,2016
2016-02-24,0.5349565415170112,2016
2016-02-25,0.5101223754483708,2016
2016-02-26,0.5043736328662923,2016
2016-02-29,0.5120709200499782,2016
2016-03-01,0.4777719924307924,2016
2016-03-02,0.4898826735582856,2016
2016-03-03,0.5256577738033141,2016
2016-03-04,0.5355021832582232,2016
2016-03-07,0.5262438753004925,2016
2016-03-08,0.5356308448188595,2016
2016-03-09,0.5461222620011159,2016
2016-03-10,0.5202497731100857,2016
2016-03-11,0.559577391221091,2016
2016-03-14,0.5251567591055398,2016
2016-03-15,0.5333748143090649,2016
2016-03-16,0.5539656753872052,2016
2016-03-17,0.5628393046931711,2016
2016-03-18,0.5547927140137173,2016
2016-03-21,0.5621149419385638,2016
2016-03-22,0.5684472475474216,2016
2016-03-23,0.5809456770185889,2016
2016-03-24,0.5698050943873209,2016
2016-03-28,0.5630602546562815,2016
2016-03-29,0.5907019071011281,2016
2016-03-30,0.5740811365383836,2016
2016-03-31,0.5711326484990119,2016
2016-04-01,0.5498576038634339,2016
2016-04-04,0.544867230899776,2016
2016-04-05,0.5320618976631666,2016
2016-04-06,0.5314831739481044,2016
2016-04-07,0.5224497289125859,2016
2016-04-08,0.5444087525513097,2016
2016-04-11,0.5236030328486276,2016
2016-04-12,0.5381762559258897,2016
2016-04-13,0.5286953311094236,2016
2016-04-14,0.5189094807218952,2016
2016-04-15,0.4855552304630346,2016
2016-04-18,0.474707180961539,2016
2016-04-19,0.4836660590510299,2016
2016-04-20,0.4803194605924251,2016
2016-04-22,0.460442033318577,2016
2016-04-25,0.48193684477145626,2016
2016-04-26,0.47149724464662596,2016
2016-04-27,0.4744204689425289,2016
2016-04-28,0.48958121642839375,2016
2016-04-29,0.4820339872386127,2016
2016-05-02,0.474116781475563,2016
2016-05-03,0.47477462827685313,2016
2016-05-04,0.4630825640917192,2016
2016-05-05,0.45191618627783975,2016
2016-05-06,0.4693553118258397,2016
2016-05-09,0.43983657156057365,2016
2016-05-10,0.4483992378070302,2016
2016-05-11,0.4419409191698459,2016
2016-05-12,0.44422070940510283,2016
2016-05-13,0.4427561764286764,2016
2016-05-16,0.4417077422312352,2016
2016-05-17,0.4394594277563652,2016
2016-05-18,0.4537412545878371,2016
2016-05-19,0.4696542889213523,2016
2016-05-20,0.4538792146788563,2016
2016-05-23,0.4446435016178113,2016
2016-05-24,0.44050136817020435,2016
2016-05-25,0.43279973992740545,2016
2016-05-27,0.4327832387575498,2016
2016-05-30,0.4200181754073713,2016
2016-05-31,0.4201759369733802,2016
2016-06-01,0.40574288529532165,2016
2016-06-02,0.41677625462078743,2016
2016-06-03,0.4171208336056638,2016
2016-06-06,0.40815957285438764,2016
2016-06-07,0.422149839964433,2016
2016-06-08,0.4004503211591883,2016
2016-06-09,0.4209111160765633,2016
2016-06-10,0.3849163995136141,2016
2016-06-13,0.37926323660898464,2016
2016-06-14,0.3867431957685851,2016
2016-06-15,0.37726841126976673,2016
2016-06-16,0.3787465684018165,2016
2016-06-17,0.3890365412471162,2016
2016-06-20,0.3911013802523398,2016
2016-06-21,0.37519689196390577,2016
2016-06-22,0.3800404410851927,2016
2016-06-23,0.37835214552210783,2016
2016-06-24,0.3814873460712882,2016
2016-06-27,0.39615738611399387,2016
2016-06-28,0.39783662204578973,2016
2016-06-29,0.41360589038339646,2016
2016-06-30,0.3919122395435439,2016
2016-07-01,0.40881559517552213,2016
2016-07-04,0.418625320708799,2016
2016-07-05,0.41773210181339837,2016
2016-07-06,0.39274994042527506,2016
2016-07-07,0.39998277664696996,2016
2016-07-08,0.40836976115886314,2016
2016-07-11,0.40039677532934537,2016
2016-07-12,0.41211475457843577,2016
2016-07-13,0.40369283022189184,2016
2016-07-14,0.41293125203635417,2016
2016-07-15,0.4013366167939733,2016
2016-07-18,0.4104065221600173,2016
2016-07-19,0.3998275106029155,2016
2016-07-20,0.4055642891322242,2016
2016-07-21,0.41299437047349435,2016
2016-07-22,0.40027484030347227,2016
2016-07-25,0.3908088185964435,2016
2016-07-26,0.3876889884235119,2016
2016-07-27,0.3846705995562917,2016
2016-07-28,0.37079952283622164,2016
2016-07-29,0.39261870974756014,2016
2016-08-01,0.4032441658411081,2016
2016-08-02,0.386641494179998,2016
2016-08-03,0.39120777134091145,2016
2016-08-04,0.4098837831591783,2016
2016-08-05,0.405992601629814,2016
2016-08-08,0.408764288162506,2016
2016-08-09,0.3932638466453383,2016
2016-08-10,0.3774476662365182,2016
2016-08-11,0.4022945337537984,2016
2016-08-12,0.4072143792604601,2016
2016-08-15,0.3978496605757429,2016
2016-08-16,0.40358087546433935,2016
2016-08-17,0.3902356999442894,2016
2016-08-18,0.3878040948205327,2016
2016-08-19,0.38848626800968283,2016
2016-08-22,0.38697910059509677,2016
2016-08-23,0.391866674706544,2016
2016-08-24,0.3794989706238511,2016
2016-08-25,0.3602401403666342,2016
2016-08-26,0.36776627747830415,2016
2016-08-29,0.37320610539055227,2016
2016-08-30,0.3736526413687912,2016
2016-08-31,0.36905996106099237,2016
2016-09-01,0.3470797944283335,2016
2016-09-02,0.3855667112577375,2016
2016-09-05,0.3851903580918873,2016
2016-09-06,0.34933584871676227,2016
2016-09-08,0.3458002021670065,2016
2016-09-09,0.3585203576099029,2016
2016-09-12,0.34593252780146744,2016
2016-09-13,0.34629181337202275,2016
2016-09-14,0.346146028608442,2016
2016-09-15,0.35188669173305653,2016
2016-09-16,0.35510150711740845,2016
2016-09-19,0.3591884478302608,2016
2016-09-20,0.3585441467422152,2016
2016-09-21,0.35330275982070275,2016
2016-09-22,0.36432372638863136,2016
2016-09-23,0.35566893161739105,2016
2016-09-26,0.3604257798218931,2016
2016-09-27,0.35324116787986437,2016
2016-09-28,0.36250688130521114,2016
2016-09-29,0.3509972524804591,2016
2016-09-30,0.3527259402309246,2016
2016-10-03,0.3475746919965061,2016
2016-10-04,0.3592175668917721,2016
2016-10-05,0.35278110108729804,2016
2016-10-06,0.3497844201461024,2016
2016-10-07,0.3296375786961248,2016
2016-10-10,0.32896016541365536,2016
2016-10-11,0.32594008619286374,2016
2016-10-13,0.32298613318434954,2016
2016-10-14,0.33462724512870895,2016
2016-10-17,0.3238202996995547,2016
2016-10-18,0.3394097654875934,2016
2016-10-19,0.32641559718955676,2016
2016-10-20,0.33522165220671846,2016
2016-10-21,0.31754068160260956,2016
2016-10-24,0.32553887989217944,2016
2016-10-25,0.31423782192970273,2016
2016-10-26,0.3213333812955508,2016
2016-10-27,0.3184051531039471,2016
2016-10-28,0.30017405506880673,2016
2016-10-31,0.31059215810693275,2016
2016-11-01,0.3276724619957723,2016
2016-11-03,0.3161584704640024,2016
2016-11-04,0.33707812723758057,2016
2016-11-07,0.3493497354936559,2016
2016-11-08,0.3433245546005043,2016
2016-11-09,0.34542120797400433,2016
2016-11-10,0.40939281731261845,2016
2016-11-11,0.427826686850434,2016
2016-11-14,0.44092157004723165,2016
2016-11-16,0.45718793896836063,2016
2016-11-17,0.42408441620036075,2016
2016-11-18,0.46436042507566855,2016
2016-11-21,0.46822945562989,2016
2016-11-22,0.45501000768852085,2016
2016-11-23,0.459297162446597,2016
2016-11-24,0.45521171650971054,2016
2016-11-25,0.4520286489094339,2016
2016-11-28,0.44986212843467266,2016
2016-11-29,0.4488422021919529,2016
2016-11-30,0.4352974900074939,2016
2016-12-01,0.45406688548779395,2016
2016-12-02,0.4673860861897627,2016
2016-12-05,0.47267299088720094,2016
2016-12-06,0.46525422527268545,2016
2016-12-07,0.46680181542804067,2016
2016-12-08,0.4502878722294258,2016
2016-12-09,0.43636607405704897,2016
2016-12-12,0.42403104719103485,2016
2016-12-13,0.39113249216464085,2016
2016-12-14,0.39747008248265187,2016
2016-12-15,0.38320964926641043,2016
2016-12-16,0.3722769493920547,2016
2016-12-19,0.391764288095588,2016
2016-12-20,0.38247610709785096,2016
2016-12-21,0.38108337531546704,2016
2016-12-22,0.398482079847317,2016
2016-12-23,0.3787024034185051,2016
2016-12-26,0.39418989093019974,2016
2016-12-27,0.39653763730272373,2016
2016-12-28,0.39619654710905483,2016
2016-12-29,0.3521115248412875,2016
2017-01-02,0.3583917527847453,2017
2017-01-03,0.3687649969073219,2017
2017-01-04,0.3638338819902146,2017
2017-01-05,0.37024196905972734,2017
2017-01-06,0.3592754280390625,2017
2017-01-09,0.3733265060923224,2017
2017-01-10,0.3592042570033861,2017
2017-01-11,0.3564479582735245,2017
2017-01-12,0.3582110676215474,2017
2017-01-13,0.3563767371302311,2017
2017-01-16,0.36682850710412496,2017
2017-01-17,0.36359436236247134,2017
2017-01-18,0.3685797765882739,2017
2017-01-19,0.37028502506041566,2017
2017-01-20,0.36920169000937897,2017
2017-01-23,0.3765936734561695,2017
2017-01-24,0.37986157855713143,2017
2017-01-26,0.3949094656086968,2017
2017-01-27,0.3903437835203,2017
2017-01-30,0.39834695463467784,2017
2017-01-31,0.38083630903768084,2017
2017-02-01,0.3745373380326794,2017
2017-02-02,0.377513947077229,2017
2017-02-03,0.39060826891461564,2017
2017-02-06,0.39480608242399984,2017
2017-02-07,0.38254773529297853,2017
2017-02-08,0.3594910378420846,2017
2017-02-09,0.3607220586677991,2017
2017-02-10,0.36805350372404755,2017
2017-02-13,0.3776763042237662,2017
2017-02-14,0.378097479461753,2017
2017-02-15,0.36736026344442874,2017
2017-02-16,0.35514881930645703,2017
2017-02-17,0.34667466847941913,2017
2017-02-20,0.35926856732934953,2017
2017-02-21,0.3487268404775827,2017
2017-02-22,0.3510446527004864,2017
2017-02-23,0.3514368255687816,2017
2017-02-24,0.362259840934294,2017
2017-03-01,0.3452286006765371,2017
2017-03-02,0.3561781915195113,2017
2017-03-03,0.3468056142354006,2017
2017-03-06,0.3694475368471806,2017
2017-03-07,0.3550836037010647,2017
2017-03-08,0.37432179015329503,2017
2017-03-09,0.37268296990151717,2017
2017-03-10,0.3701692651484399,2017
2017-03-13,0.36898279489460706,2017
2017-03-14,0.3649170198879156,2017
2017-03-15,0.37502992958139125,2017
2017-03-16,0.37119179897134214,2017
2017-03-17,0.37234956678489345,2017
2017-03-20,0.396539264855174,2017
2017-03-21,0.3927548889674477,2017
2017-03-22,0.39622896399233654,2017
2017-03-23,0.3783263100249231,2017
2017-03-24,0.37703542684824487,2017
2017-03-27,0.39866684598228525,2017
2017-03-28,0.40067161706029364,2017
2017-03-29,0.4098543510259887,2017
2017-03-30,0.4029893908092429,2017
2017-03-31,0.39430516576931424,2017
2017-04-03,0.38851849609303013,2017
2017-04-04,0.38457429974671625,2017
2017-04-05,0.38770869824153786,2017
2017-04-06,0.3815651251284583,2017
2017-04-07,0.3628467529280284,2017
2017-04-10,0.3691546218648713,2017
2017-04-11,0.3440374431632234,2017
2017-04-12,0.3352035160394349,2017
2017-04-13,0.35193129154356395,2017
2017-04-17,0.36696604832284596,2017
2017-04-18,0.3432224869094791,2017
2017-04-19,0.33511943550509515,2017
2017-04-20,0.34106099531897793,2017
2017-04-24,0.3476361301074068,2017
2017-04-25,0.33442910603086096,2017
2017-04-26,0.33493060300150335,2017
2017-04-27,0.34051711521363287,2017
2017-04-28,0.33005555374452666,2017
2017-05-02,0.35437142265452476,2017
2017-05-03,0.3505520113003829,2017
2017-05-04,0.3531676878058006,2017
2017-05-05,0.3611895009915589,2017
2017-05-08,0.37199066519280527,2017
2017-05-09,0.3701850419805203,2017
2017-05-10,0.36122496131191945,2017
2017-05-11,0.36765010236655205,2017
2017-05-12,0.367801731187989,2017
2017-05-15,0.3713816422081903,2017
2017-05-16,0.35679093106807586,2017
2017-05-17,0.367537838406069,2017
2017-05-18,0.5440357099554244,2017
2017-05-19,0.5576604826774438,2017
2017-05-22,0.5271845220970344,2017
2017-05-23,0.5760979520137315,2017
2017-05-24,0.582676069863588,2017
2017-05-25,0.5886899421922278,2017
2017-05-26,0.5840210978591003,2017
2017-05-29,0.5684416804042072,2017
2017-05-30,0.5591570847081447,2017
2017-05-31,0.547631480940337,2017
2017-06-01,0.5484318227918369,2017
2017-06-02,0.5570334407356343,2017
2017-06-05,0.5408233268636718,2017
2017-06-06,0.5272226324809977,2017
2017-06-07,0.5377714400885261,2017
2017-06-08,0.5246230545455949,2017
2017-06-09,0.541102197985332,2017
2017-06-12,0.5481747410694222,2017
2017-06-13,0.5368132106570345,2017
2017-06-14,0.5410233885092429,2017
2017-06-16,0.3841318662572456,2017
2017-06-19,0.3718609416960769,2017
2017-06-20,0.34061045652759925,2017
2017-06-21,0.33551062152566297,2017
2017-06-22,0.3189582036644507,2017
2017-06-23,0.31439055348590766,2017
2017-06-26,0.32822642327201523,2017
2017-06-27,0.31265166378468,2017
2017-06-28,0.3114273106761182,2017
2017-06-29,0.30703985179630855,2017
2017-06-30,0.3128111749553999,2017
2017-07-03,0.3041414682331841,2017
2017-07-04,0.29944821245742026,2017
2017-07-05,0.31151837928025333,2017
2017-07-06,0.3054948945823417,2017
2017-07-07,0.29957717436233267,2017
2017-07-10,0.2914394843339161,2017
2017-07-11,0.29886993509932275,2017
2017-07-12,0.31013565741263843,2017
2017-07-13,0.3064071653911523,2017
2017-07-14,0.30044657148121157,2017
2017-07-17,0.3301538216492662,2017
2017-07-18,0.31533986820124627,2017
2017-07-19,0.30998119227239296,2017
2017-07-20,0.2928740925402783,2017
2017-07-21,0.2860268602013689,2017
2017-07-24,0.28987193698803115,2017
2017-07-25,0.2844905057139402,2017
2017-07-26,0.2944932322869788,2017
2017-07-27,0.2850694284337413,2017
2017-07-28,0.2851775274317327,2017
2017-07-31,0.2968167348030484,2017
2017-08-01,0.2991263422919325,2017
2017-08-02,0.3020521117651012,2017
2017-08-03,0.2924952584314561,2017
2017-08-04,0.29255840203055683,2017
2017-08-07,0.30845363071283305,2017
2017-08-08,0.30598689063124807,2017
2017-08-09,0.29624797835575456,2017
2017-08-10,0.3165093602123093,2017
2017-08-11,0.303637570092011,2017
2017-08-14,0.2913787728941998,2017
2017-08-15,0.3145477410182929,2017
2017-08-16,0.3037038602537993,2017
2017-08-17,0.29511816797401114,2017
2017-08-18,0.31332696936802334,2017
2017-08-21,0.3153210918783373,2017
2017-08-22,0.31445608628086236,2017
2017-08-23,0.30658970165367583,2017
2017-08-24,0.3064706578201255,2017
2017-08-25,0.31595694533264007,2017
2017-08-28,0.32916514187031787,2017
2017-08-29,0.3189772326771163,2017
2017-08-30,0.31579445035063447,2017
2017-08-31,0.30158055319366284,2017
2017-09-01,0.3239045644242369,2017
2017-09-04,0.32379301431680285,2017
2017-09-05,0.3239705546803997,2017
2017-09-06,0.31347380079066817,2017
2017-09-08,0.3166758898635184,2017
2017-09-11,0.3167735336269053,2017
2017-09-12,0.3088588429180508,2017
2017-09-13,0.3012817828895594,2017
2017-09-14,0.3111427542683657,2017
2017-09-15,0.33345423419692494,2017
2017-09-18,0.3473599152403328,2017
2017-09-19,0.31706915501541866,2017
2017-09-20,0.31972020066147755,2017
2017-09-21,0.32497055244108264,2017
2017-09-22,0.3164227070804293,2017
2017-09-25,0.3203022572336674,2017
2017-09-26,0.31743106040748953,2017
2017-09-27,0.3277803139641765,2017
2017-09-28,0.32613118833042953,2017
2017-09-29,0.3189470150773848,2017
2017-10-02,0.33440170702943195,2017
2017-10-03,0.3311405443269825,2017
2017-10-04,0.33355310694640816,2017
2017-10-05,0.3340082262275384,2017
2017-10-06,0.32811600120702594,2017
2017-10-09,0.3276838465044063,2017
2017-10-10,0.3254899819251714,2017
2017-10-11,0.31436043517004253,2017
2017-10-13,0.31989068857686886,2017
2017-10-16,0.3108847476081614,2017
2017-10-17,0.2957402832568692,2017
2017-10-18,0.31081336491255096,2017
2017-10-19,0.3116848633583345,2017
2017-10-20,0.3156412407979726,2017
2017-10-23,0.32520183942560893,2017
2017-10-24,0.3097034434013969,2017
2017-10-25,0.3146720041252019,2017
2017-10-26,0.29432696256635166,2017
2017-10-27,0.3027007250021227,2017
2017-10-30,0.3211384283066535,2017
2017-10-31,0.3284733582495904,2017
2017-11-01,0.30724053320092976,2017
2017-11-03,0.3183585949981135,2017
2017-11-06,0.32958056952904724,2017
2017-11-07,0.3274384666025362,2017
2017-11-08,0.34145237717997673,2017
2017-11-09,0.3400331986952473,2017
2017-11-10,0.33454172979954516,2017
2017-11-13,0.3495340506105651,2017
2017-11-14,0.36294613107690443,2017
2017-11-16,0.3669003255308505,2017
2017-11-17,0.37404181191222574,2017
2017-11-21,0.37260759305882746,2017
2017-11-22,0.3750723422376364,2017
2017-11-23,0.3858259979416256,2017
2017-11-24,0.3839081769844214,2017
2017-11-27,0.379688716969499,2017
2017-11-28,0.37321582939822046,2017
2017-11-29,0.374880448952735,2017
2017-11-30,0.3714276438755731,2017
2017-12-01,0.3712691549401764,2017
2017-12-04,0.3758103855617082,2017
2017-12-05,0.36995182063606047,2017
2017-12-06,0.3731705130042027,2017
2017-12-07,0.3629747491904619,2017
2017-12-08,0.3467131595060339,2017
2017-12-11,0.3487207328378542,2017
2017-12-12,0.33780511066648705,2017
2017-12-13,0.32893791722578836,2017
2017-12-14,0.32294368485578584,2017
2017-12-15,0.33048474411687556,2017
2017-12-18,0.32368522997105476,2017
2017-12-19,0.29557743541737824,2017
2017-12-20,0.29949241539132465,2017
2017-12-21,0.3021787327064232,2017
2017-12-22,0.312164723665297,2017
2017-12-26,0.3135286423013016,2017
2017-12-27,0.3025859916029432,2017
2017-12-28,0.3040228215747416,2017
2018-01-02,0.29398702547002903,2018
2018-01-03,0.30673968489783243,2018
2018-01-04,0.3133412134094458,2018
2018-01-05,0.32158190732861014,2018
2018-01-08,0.31075411597882907,2018
2018-01-09,0.2990487927076102,2018
2018-01-10,0.29249791826791804,2018
2018-01-11,0.307047234719865,2018
2018-01-12,0.30089167292858326,2018
2018-01-15,0.30486812146015596,2018
2018-01-16,0.3125865917761758,2018
2018-01-17,0.29219425602537646,2018
2018-01-18,0.2947505813169219,2018
2018-01-19,0.29871404801132617,2018
2018-01-22,0.2987397358000757,2018
2018-01-23,0.29336571820214236,2018
2018-01-24,0.3193500517799556,2018
2018-01-26,0.3306155847037225,2018
2018-01-29,0.31976649786629885,2018
2018-01-30,0.3203592906264353,2018
2018-01-31,0.3183261934070932,2018
2018-02-01,0.309976158201209,2018
2018-02-02,0.31876005702925825,2018
2018-02-05,0.31792655965284766,2018
2018-02-06,0.33096187577390346,2018
2018-02-07,0.324695136033978,2018
2018-02-08,0.3279671125265278,2018
2018-02-09,0.33789657758584224,2018
2018-02-14,0.3523943822562229,2018
2018-02-15,0.3484571790977211,2018
2018-02-16,0.35228708377112766,2018
2018-02-19,0.36210566051434623,2018
2018-02-20,0.3520382450393547,2018
2018-02-21,0.3393933482642857,2018
2018-02-22,0.3575572979303727,2018
2018-02-23,0.34266331408227424,2018
2018-02-26,0.35350135327903415,2018
2018-02-27,0.3448169420186593,2018
2018-02-28,0.3383962130649921,2018
2018-03-01,0.3333489803594594,2018
2018-03-02,0.3339621641080006,2018
2018-03-05,0.3431346200228601,2018
2018-03-06,0.33535557122066195,2018
2018-03-07,0.33689956344836103,2018
2018-03-08,0.3364748834997629,2018
2018-03-09,0.33249874825521336,2018
2018-03-12,0.3453564499112119,2018
2018-03-13,0.3298983247264219,2018
2018-03-14,0.34123920868094865,2018
2018-03-15,0.31877044357227774,2018
2018-03-16,0.3230540873247102,2018
2018-03-19,0.3279750421882097,2018
2018-03-20,0.3117195316301422,2018
2018-03-21,0.33305703058517055,2018
2018-03-22,0.31967918038510856,2018
2018-03-23,0.3324443089397313,2018
2018-03-26,0.3247840690206816,2018
2018-03-27,0.3441415595984967,2018
2018-03-28,0.33281124517664984,2018
2018-03-29,0.3322761717193759,2018
2018-04-02,0.3371573848223475,2018
2018-04-03,0.34070101129092184,2018
2018-04-04,0.32805724577048123,2018
2018-04-05,0.34781722293238576,2018
2018-04-06,0.3555137298316854,2018
2018-04-09,0.3573031406367033,2018
2018-04-10,0.34536475309398545,2018
2018-04-11,0.3480231107292925,2018
2018-04-12,0.35156035529322843,2018
2018-04-13,0.3492928685499006,2018
2018-04-16,0.35591790165109377,2018
2018-04-17,0.34868731955831145,2018
2018-04-18,0.3542001401709235,2018
2018-04-19,0.3423107879748243,2018
2018-04-20,0.3415714345733357,2018
2018-04-23,0.36473477158660966,2018
2018-04-24,0.34638753945860423,2018
2018-04-25,0.35780322507353945,2018
2018-04-26,0.3437402821430996,2018
2018-04-27,0.360028531878396,2018
2018-04-30,0.3436266816801815,2018
2018-05-02,0.33923462177035524,2018
2018-05-03,0.34042638563009775,2018
2018-05-04,0.33574806473045526,2018
2018-05-07,0.3625307253536374,2018
2018-05-08,0.34106182480138675,2018
2018-05-09,0.353431321323603,2018
2018-05-10,0.364588135418331,2018
2018-05-11,0.3694488490720832,2018
2018-05-14,0.36751215936528003,2018
2018-05-15,0.36619820764690075,2018
2018-05-16,0.3770888426224699,2018
2018-05-17,0.3815164961152902,2018
2018-05-18,0.3864792989149467,2018
2018-05-21,0.390766817979359,2018
2018-05-22,0.38354099938477815,2018
2018-05-23,0.3833105950079788,2018
2018-05-24,0.39671225812119665,2018
2018-05-25,0.39535540109047407,2018
2018-05-28,0.44993220009950813,2018
2018-05-29,0.4352022359595577,2018
2018-05-30,0.4425905193691069,2018
2018-06-01,0.4559066874758348,2018
2018-06-04,0.4591850581521594,2018
2018-06-05,0.45509284475143785,2018
2018-06-06,0.4625663603158281,2018
2018-06-07,0.46975770393351746,2018
2018-06-08,0.47244382921558575,2018
2018-06-11,0.47247983877034,2018
2018-06-12,0.4685999386406594,2018
2018-06-13,0.47053760128141353,2018
2018-06-14,0.47262626348929143,2018
2018-06-15,0.4553409791260079,2018
2018-06-18,0.4703693003619937,2018
2018-06-19,0.46579940193092084,2018
2018-06-20,0.4576784839392973,2018
2018-06-21,0.4695521058287243,2018
2018-06-22,0.455004808408744,2018
2018-06-25,0.4640128336634884,2018
2018-06-26,0.4441776607705684,2018
2018-06-27,0.44423621230598986,2018
2018-06-28,0.4285036413129663,2018
2018-06-29,0.4262407690686704,2018
2018-07-02,0.4309116813016076,2018
2018-07-03,0.425128092223039,2018
2018-07-04,0.42319660926586666,2018
2018-07-05,0.3885941636275107,2018
2018-07-06,0.38013741110003085,2018
2018-07-10,0.39596471308568987,2018
2018-07-11,0.3767848253920111,2018
2018-07-12,0.380483496662548,2018
2018-07-13,0.38561615959432255,2018
2018-07-16,0.3763196305125494,2018
2018-07-17,0.3692519916256718,2018
2018-07-18,0.3723127044683063,2018
2018-07-19,0.3555988983617687,2018
2018-07-20,0.35927004273080415,2018
2018-07-23,0.3700568014819899,2018
2018-07-24,0.3557670715076111,2018
2018-07-25,0.3588222943385496,2018
2018-07-26,0.36022509652458334,2018
2018-07-27,0.35328124792711607,2018
2018-07-30,0.3672218038114944,2018
2018-07-31,0.351347834159441,2018
2018-08-01,0.35916070534955985,2018
2018-08-02,0.34806445766299365,2018
2018-08-03,0.37520724346263584,2018
2018-08-06,0.3678652387618869,2018
2018-08-07,0.3534622948909903,2018
2018-08-08,0.3598272025467016,2018
2018-08-09,0.34077895033022354,2018
2018-08-10,0.3688467927061242,2018
2018-08-13,0.3808638174741346,2018
2018-08-14,0.37009650262481,2018
2018-08-15,0.37798103587605325,2018
2018-08-16,0.3640740523850627,2018
2018-08-17,0.35922509797115526,2018
2018-08-20,0.36637732011422586,2018
2018-08-21,0.36498338116032103,2018
2018-08-22,0.37226100647888927,2018
2018-08-23,0.35938677411539033,2018
2018-08-24,0.3776507161014143,2018
2018-08-27,0.386459923303887,2018
2018-08-28,0.3813319270572049,2018
2018-08-29,0.36618723082123783,2018
2018-08-30,0.3853169994554682,2018
2018-08-31,0.37756333958441557,2018
2018-09-03,0.3974265973568535,2018
2018-09-04,0.3833124954203805,2018
2018-09-05,0.36312078147572746,2018
2018-09-06,0.3601864407274112,2018
2018-09-10,0.3537193513542039,2018
2018-09-11,0.3499892831377477,2018
2018-09-12,0.3399011520833791,2018
2018-09-13,0.3378428500065322,2018
2018-09-14,0.32648244099870743,2018
2018-09-17,0.3465564465069762,2018
2018-09-18,0.3472415156784443,2018
2018-09-19,0.33577941389600324,2018
2018-09-20,0.3345950960983268,2018
2018-09-21,0.34061506683677323,2018
2018-09-24,0.34437458676843236,2018
2018-09-25,0.331154204742107,2018
2018-09-26,0.3267467874285126,2018
2018-09-27,0.34211739276629066,2018
2018-09-28,0.3194195742899812,2018
2018-10-01,0.32908104923454884,2018
2018-10-02,0.345637380104798,2018
2018-10-03,0.36285236257451564,2018
2018-10-04,0.35053195882455157,2018
2018-10-05,0.3423223059140045,2018
2018-10-08,0.3921413209617597,2018
2018-10-09,0.3776486079197362,2018
2018-10-10,0.3856987021953143,2018
2018-10-11,0.38029447310692605,2018
2018-10-15,0.3740621800482833,2018
2018-10-16,0.39788795229805424,2018
2018-10-17,0.39389222198159884,2018
2018-10-18,0.4041803958785639,2018
2018-10-19,0.3939163673557573,2018
2018-10-22,0.4136539032572611,2018
2018-10-23,0.3904694465952115,2018
2018-10-24,0.41007875970371643,2018
2018-10-25,0.4133123118325906,2018
2018-10-26,0.4061807650481872,2018
2018-10-29,0.42196568110326016,2018
2018-10-30,0.42268389528730743,2018
2018-10-31,0.42661033259659664,2018
2018-11-01,0.43401150813158335,2018
2018-11-05,0.43908130281060626,2018
2018-11-06,0.43818492765520856,2018
2018-11-07,0.4168358117126872,2018
2018-11-08,0.4202788790607773,2018
2018-11-09,0.41111018174459246,2018
2018-11-12,0.41278845615622933,2018
2018-11-13,0.41120835889809504,2018
2018-11-14,0.4132172284392013,2018
2018-11-16,0.4291066606634004,2018
2018-11-19,0.41713721616637156,2018
2018-11-21,0.4194888316494616,2018
2018-11-22,0.4112222606386323,2018
2018-11-23,0.4125722176580722,2018
2018-11-26,0.407978534789794,2018
2018-11-27,0.4090035973052519,2018
2018-11-28,0.4094660806836063,2018
2018-11-29,0.4097907293364324,2018
2018-11-30,0.3857207291596308,2018
2018-12-03,0.3986490569719678,2018
2018-12-04,0.3803655233095866,2018
2018-12-05,0.3686241227614515,2018
2018-12-06,0.37253977053407933,2018
2018-12-07,0.3674911557440788,2018
2018-12-10,0.36810436604584373,2018
2018-12-11,0.35225051995642204,2018
2018-12-12,0.3564250033679357,2018
2018-12-13,0.3537361670028184,2018
2018-12-14,0.3503410632658269,2018
2018-12-17,0.34206319852589,2018
2018-12-18,0.3323188370140828,2018
2018-12-19,0.331041381423807,2018
2018-12-20,0.3422316623893877,2018
2018-12-21,0.35200165269946776,2018
2018-12-26,0.3537170466628733,2018
2018-12-27,0.32999155833992566,2018
2018-12-28,0.3310476154798888,2018
2019-01-02,0.3584891725670515,2019
2019-01-03,0.3566922987938145,2019
2019-01-04,0.3615810068821158,2019
2019-01-07,0.36868440264363145,2019
2019-01-08,0.36624031474336866,2019
2019-01-09,0.36739074068581673,2019
2019-01-10,0.35581527480448855,2019
2019-01-11,0.36913402486297475,2019
2019-01-14,0.3632748783354115,2019
2019-01-15,0.36214195743143157,2019
2019-01-16,0.3613912362423166,2019
2019-01-17,0.364646583552627,2019
2019-01-18,0.36095621397498034,2019
2019-01-21,0.35498170799185785,2019
2019-01-22,0.36432226483571095,2019
2019-01-23,0.3507055516310448,2019
2019-01-24,0.3460363558919441,2019
2019-01-28,0.3492168917321712,2019
2019-01-29,0.34571214263896316,2019
2019-01-30,0.34876980704864957,2019
2019-01-31,0.34239346556020545,2019
2019-02-01,0.3322271742051366,2019
2019-02-04,0.34111837727934535,2019
2019-02-05,0.31762169009156227,2019
2019-02-06,0.33569615976879996,2019
2019-02-07,0.32409683362784647,2019
2019-02-08,0.33157230219799255,2019
2019-02-11,0.3361592571692933,2019
2019-02-12,0.32481551317621044,2019
2019-02-13,0.33261195125029197,2019
2019-02-14,0.32940541802023526,2019
2019-02-15,0.3214799293032681,2019
2019-02-18,0.3224724223523357,2019
2019-02-19,0.32622854411685726,2019
2019-02-20,0.3222846805699124,2019
2019-02-21,0.3278106503797635,2019
2019-02-22,0.3263492356526809,2019
2019-02-25,0.31165368844169644,2019
2019-02-26,0.3030701168402409,2019
2019-02-27,0.3194900114044928,2019
2019-02-28,0.31239367113640554,2019
2019-03-01,0.32352506993483254,2019
2019-03-06,0.3201450739086403,2019
2019-03-07,0.3158784947050836,2019
2019-03-08,0.31080430554975913,2019
2019-03-11,0.3167763962142911,2019
2019-03-12,0.3064444647057049,2019
2019-03-13,0.3019283763352974,2019
2019-03-14,0.29560693721299636,2019
2019-03-15,0.30537969988893116,2019
2019-03-18,0.3017642183899196,2019
2019-03-19,0.29497430297296307,2019
2019-03-20,0.3018861757395581,2019
2019-03-21,0.3054076247147197,2019
2019-03-22,0.31592805327119794,2019
2019-03-25,0.3203536202591814,2019
2019-03-26,0.3190289789578111,2019
2019-03-27,0.3409220745777836,2019
2019-03-28,0.35106086788045104,2019
2019-03-29,0.36291998029237493,2019
2019-04-01,0.3612812646068354,2019
2019-04-02,0.3493628630619535,2019
2019-04-03,0.3500054190494446,2019
2019-04-04,0.34969039443652067,2019
2019-04-05,0.3517213503506452,2019
2019-04-08,0.35172650241456294,2019
2019-04-09,0.34971666233191356,2019
2019-04-10,0.3463675816877042,2019
2019-04-11,0.3418874355525558,2019
2019-04-12,0.35082556954968697,2019
2019-04-15,0.3586160968153793,2019
2019-04-16,0.34620642852677774,2019
2019-04-17,0.3553385214103128,2019
2019-04-18,0.3601397600006263,2019
2019-04-22,0.34895081240425535,2019
2019-04-23,0.3469745286885753,2019
2019-04-24,0.33752578115186777,2019
2019-04-25,0.3168114016888576,2019
2019-04-26,0.3144531451661448,2019
2019-04-29,0.3335407919730702,2019
2019-04-30,0.3166309344901934,2019
2019-05-02,0.3310484969243219,2019
2019-05-03,0.31863650689970413,2019
2019-05-06,0.3090466565663176,2019
2019-05-07,0.31074564895976453,2019
2019-05-08,0.31008273540974024,2019
2019-05-09,0.30970283537003435,2019
2019-05-10,0.3170081160568533,2019
2019-05-13,0.33156098129394723,2019
2019-05-14,0.3329608927268258,2019
2019-05-15,0.3181896919398318,2019
2019-05-16,0.32762251403051684,2019
2019-05-17,0.35081221037584925,2019
2019-05-20,0.3549796773771871,2019
2019-05-21,0.3472597905748984,2019
2019-05-22,0.34787121105905155,2019
2019-05-23,0.3510536430540538,2019
2019-05-24,0.3499993635737459,2019
2019-05-27,0.348913571193391,2019
2019-05-28,0.3635541853037704,2019
2019-05-29,0.34763801719320486,2019
2019-05-30,0.36063330113723285,2019
2019-05-31,0.3602279006412889,2019
2019-06-03,0.371460996585646,2019
2019-06-04,0.35892344867332626,2019
2019-06-05,0.36902584790528803,2019
2019-06-06,0.3582929196232489,2019
2019-06-07,0.3734189919323182,2019
2019-06-10,0.3585319387364367,2019
2019-06-11,0.337517220850369,2019
2019-06-12,0.3345015749851553,2019
2019-06-13,0.3260032701308003,2019
2019-06-14,0.311855746084554,2019
2019-06-17,0.3284072295030787,2019
2019-06-18,0.31901130401533034,2019
2019-06-19,0.301687385859313,2019
2019-06-21,0.3029162176455363,2019
2019-06-24,0.30868084413523694,2019
2019-06-25,0.3073932067115796,2019
2019-06-26,0.30024919675320016,2019
2019-06-27,0.30350290774691435,2019
2019-06-28,0.3019826517289263,2019
2019-07-01,0.317690375093231,2019
2019-07-02,0.31099847859922614,2019
2019-07-03,0.3064241201570559,2019
2019-07-04,0.3007038678898295,2019
2019-07-05,0.30517689227844136,2019
2019-07-08,0.31305932557920046,2019
2019-07-10,0.3383692390649386,2019
2019-07-11,0.3420045458156849,2019
2019-07-12,0.33583500128537097,2019
2019-07-15,0.33133460447437635,2019
2019-07-16,0.31488474264783606,2019
2019-07-17,0.3080467321525424,2019
2019-07-18,0.31019199709300393,2019
2019-07-19,0.31114054180204287,2019
2019-07-22,0.3142096062095825,2019
2019-07-23,0.2940201285339164,2019
2019-07-24,0.30325579622457505,2019
2019-07-25,0.29164541934036475,2019
2019-07-26,0.3024506163029528,2019
2019-07-29,0.31262629458875585,2019
2019-07-30,0.29766331065550117,2019
2019-07-31,0.309866849081519,2019
2019-08-01,0.3303981657459164,2019
2019-08-02,0.310404865319719,2019
2019-08-05,0.3305838812508069,2019
2019-08-06,0.31359919173915707,2019
2019-08-07,0.3299157581594932,2019
2019-08-08,0.32271904558427955,2019
2019-08-09,0.33219878306202455,2019
2019-08-12,0.33631080583152134,2019
2019-08-13,0.3228822564902253,2019
2019-08-14,0.35374172304186247,2019
2019-08-15,0.35492913276608085,2019
2019-08-16,0.3566313004825783,2019
2019-08-19,0.3640658760704587,2019
2019-08-20,0.36889137745746836,2019
2019-08-21,0.3818111946342435,2019
2019-08-22,0.3780754444582794,2019
2019-08-23,0.3871183421286351,2019
2019-08-26,0.3750636668003908,2019
2019-08-27,0.3685589675163451,2019
2019-08-28,0.37703614155613596,2019
2019-08-29,0.38799831556975645,2019
2019-08-30,0.39672486046802447,2019
2019-09-02,0.41553164500114775,2019
2019-09-03,0.39179052351272436,2019
2019-09-04,0.39523606864809574,2019
2019-09-05,0.3844960631576367,2019
2019-09-06,0.37412783504987135,2019
2019-09-09,0.3974194042879101,2019
2019-09-10,0.39473481880068895,2019
2019-09-11,0.3817639206824535,2019
2019-09-12,0.3568883292583008,2019
2019-09-13,0.3624301112785195,2019
2019-09-16,0.3478709469071603,2019
2019-09-17,0.35182801283013654,2019
2019-09-18,0.3402796181017547,2019
2019-09-19,0.3479319046534397,2019
2019-09-20,0.34254271350606424,2019
2019-09-23,0.33974739888156413,2019
2019-09-24,0.3431960897166318,2019
2019-09-25,0.36889621811270323,2019
2019-09-26,0.32404365519753836,2019
2019-09-27,0.3036145717671317,2019
2019-09-30,0.30520420195202497,2019
2019-10-01,0.31794700439647416,2019
2019-10-02,0.3017174971607888,2019
2019-10-03,0.3054298889303689,2019
2019-10-04,0.30170391400598245,2019
2019-10-07,0.29519377020161897,2019
2019-10-08,0.2948075079562924,2019
2019-10-09,0.30272048599499024,2019
2019-10-10,0.28970295237860066,2019
2019-10-11,0.29669534844036016,2019
2019-10-14,0.29311678678711295,2019
2019-10-15,0.2958549010193468,2019
2019-10-16,0.28788135889416927,2019
2019-10-17,0.29687395663554694,2019
2019-10-18,0.28252587769234794,2019
2019-10-21,0.28547232521499,2019
2019-10-22,0.2906552555527115,2019
2019-10-23,0.3053228214979971,2019
2019-10-24,0.2993493102346545,2019
2019-10-25,0.2917379939604161,2019
2019-10-28,0.2839797141508812,2019
2019-10-29,0.2868550093841754,2019
2019-10-30,0.28145018615492634,2019
2019-10-31,0.28581841446934336,2019
2019-11-01,0.303292425882755,2019
2019-11-04,0.2857407528371235,2019
2019-11-05,0.27974016338480706,2019
2019-11-06,0.27970565396706853,2019
2019-11-07,0.2871175968823553,2019
2019-11-08,0.288625740595717,2019
2019-11-11,0.308950524959904,2019
2019-11-12,0.28667819931439104,2019
2019-11-13,0.2852794488098999,2019
2019-11-14,0.3078672624354082,2019
2019-11-18,0.31026133839517905,2019
2019-11-19,0.2974081055766991,2019
2019-11-21,0.33591646515369594,2019
2019-11-22,0.3128789158228529,2019
2019-11-25,0.31311127564932295,2019
2019-11-26,0.31229015009243266,2019
2019-11-27,0.32783296142349216,2019
2019-11-28,0.31194274485731593,2019
2019-11-29,0.31413073251215134,2019
2019-12-02,0.3293878128764588,2019
2019-12-03,0.31849833262602245,2019
2019-12-04,0.3082993734595363,2019
2019-12-05,0.30361644478006033,2019
2019-12-06,0.30872740417516603,2019
2019-12-09,0.3100676685312445,2019
2019-12-10,0.3071381838608871,2019
2019-12-11,0.34692905293100373,2019
2019-12-12,0.3468133755709329,2019
2019-12-13,0.3079123644500905,2019
2019-12-16,0.33501048037689085,2019
2019-12-17,0.3579483463550558,2019
2019-12-18,0.32208594863903467,2019
2019-12-19,0.32553212174265084,2019
2019-12-20,0.3075122715881122,2019
2019-12-23,0.32653703739650897,2019
2019-12-26,0.29690103565323483,2019
2019-12-27,0.3176696965378617,2019
2019-12-30,0.30985734209719923,2019
2020-01-02,0.3237056269502154,2020
2020-01-03,0.3469216067079661,2020
2020-01-06,0.35200637957527153,2020
2020-01-07,0.33922811213836546,2020
2020-01-08,0.34617274857985086,2020
2020-01-09,0.32187295772431657,2020
2020-01-10,0.3300641753929152,2020
2020-01-13,0.3309598167795911,2020
2020-01-14,0.33008553952108716,2020
2020-01-15,0.32751650268563676,2020
2020-01-16,0.3246686905571983,2020
2020-01-17,0.3259081338656723,2020
2020-01-20,0.33675563542039205,2020
2020-01-21,0.32885939611721837,2020
2020-01-22,0.3299818608109677,2020
2020-01-23,0.331235897280597,2020
2020-01-24,0.3307638408958083,2020
2020-01-27,0.3507233021041746,2020
2020-01-28,0.3489339588141275,2020
2020-01-29,0.3597953249044665,2020
2020-01-30,0.3533036369259056,2020
2020-01-31,0.350832072108332,2020
2020-02-03,0.3480590164867567,2020
2020-02-04,0.3543188196520249,2020
2020-02-05,0.34574621276866924,2020
2020-02-06,0.3549222575867546,2020
2020-02-07,0.350044421846136,2020
2020-02-10,0.3525898909807708,2020
2020-02-11,0.37792012266085784,2020
2020-02-12,0.3610503459752986,2020
2020-02-13,0.36325556369672296,2020
2020-02-14,0.3696612444136069,2020
2020-02-17,0.3819571007501837,2020
2020-02-18,0.3607314283910462,2020
2020-02-19,0.3691317753778205,2020
2020-02-20,0.35748484185507295,2020
2020-02-21,0.36284159482129213,2020
2020-02-26,0.4332020368844269,2020
2020-02-27,0.4476563382900638,2020
2020-02-28,0.4737153660884563,2020
2020-03-02,0.49294207087273273,2020
2020-03-03,0.4927655849996937,2020
2020-03-04,0.4861274969422447,2020
2020-03-05,0.5172670485315505,2020
2020-03-06,0.5316141645491131,2020
2020-03-09,0.6528067635286129,2020
2020-03-10,0.668957966915805,2020
2020-03-11,0.7033147528278629,2020
2020-03-12,0.8703578041317663,2020
2020-03-13,0.8904737798370524,2020
2020-03-16,1.0223238317146848,2020
2020-03-17,1.0600053814420103,2020
2020-03-18,1.0519889756353524,2020
2020-03-19,1.1511462510796848,2020
2020-03-20,1.2621916671366882,2020
2020-03-23,1.30377523546586,2020
2020-03-24,1.2484308824918906,2020
2020-03-25,1.3955743849646591,2020
2020-03-26,1.3743653676315257,2020
2020-03-27,1.3724401019977768,2020
2020-03-30,1.373744496574758,2020
2020-03-31,1.37307749689184,2020
2020-04-01,1.245708240388046,2020
2020-04-02,1.4114818446011481,2020
2020-04-03,1.3392078759079882,2020
2020-04-06,1.351018183936818,2020
2020-04-07,1.283537328415576,2020
2020-04-08,1.2301908924452103,2020
2020-04-09,1.2075440556224968,2020
2020-04-13,1.1449238736064153,2020
2020-04-14,1.0669499864642096,2020
2020-04-15,1.070042504812321,2020
2020-04-16,0.9323996058398915,2020
2020-04-17,0.8923910561495163,2020
2020-04-20,0.887281315065379,2020
2020-04-22,0.8763085718569182,2020
2020-04-23,0.8278051605148558,2020
2020-04-24,0.7968964841008428,2020
2020-04-27,0.7713969981492123,2020
2020-04-28,0.7874848048257664,2020
2020-04-29,0.7496189490984965,2020
2020-04-30,0.7853093813516978,2020
2020-05-04,0.7578977774542547,2020
2020-05-05,0.720178531557852,2020
2020-05-06,0.69819991044642,2020
2020-05-07,0.7306883256724391,2020
2020-05-08,0.683882841307734,2020
2020-05-11,0.6905662136445021,2020
2020-05-12,0.6987501992890497,2020
2020-05-13,0.6706848155193936,2020
2020-05-14,0.6440853233969944,2020
2020-05-15,0.6382862067928605,2020
2020-05-18,0.6818680587127838,2020
2020-05-19,0.7113753971444081,2020
2020-05-20,0.6716684049338465,2020
2020-05-21,0.6994527857512405,2020
2020-05-22,0.6337138899961836,2020
2020-05-25,0.6351869708800102,2020
2020-05-26,0.647194962836128,2020
2020-05-27,0.6367767037911374,2020
2020-05-28,0.6467703542633694,2020
2020-05-29,0.6251782999303582,2020
2020-06-01,0.6337802114289947,2020
2020-06-02,0.6016427671766862,2020
2020-06-03,0.6340828970538532,2020
2020-06-04,0.6143499187665267,2020
2020-06-05,0.6148138493463932,2020
2020-06-08,0.6149046923637653,2020
2020-06-09,0.5736096197205445,2020
2020-06-10,0.5794950080493888,2020
2020-06-12,0.6118569337231373,2020
2020-06-15,0.571387898764144,2020
2020-06-16,0.6125212276339322,2020
2020-06-17,0.560874838892742,2020
2020-06-18,0.5727636263119258,2020
2020-06-19,0.5720267585152838,2020
2020-06-22,0.5829214687977279,2020
2020-06-23,0.5482500642148865,2020
2020-06-24,0.5585435063850467,2020
2020-06-25,0.5248562062281094,2020
2020-06-26,0.5340930686006378,2020
2020-06-29,0.504760792641253,2020
2020-06-30,0.5170865922743428,2020
2020-07-01,0.5580844794047006,2020
2020-07-02,0.4882119818576791,2020
2020-07-03,0.4694355423923586,2020
2020-07-06,0.4828016470969074,2020
2020-07-07,0.4645994787417977,2020
2020-07-08,0.46555698377859467,2020
2020-07-09,0.4503122321582497,2020
2020-07-10,0.43891980749775095,2020
2020-07-13,0.44405833735721656,2020
2020-07-14,0.4394527284792732,2020
2020-07-15,0.4483732101634886,2020
2020-07-16,0.43247130328415134,2020
2020-07-17,0.42529462020732683,2020
2020-07-20,0.4193707808654341,2020
2020-07-21,0.42856610294560926,2020
2020-07-22,0.4155905534171526,2020
2020-07-23,0.4304529706484674,2020
2020-07-24,0.4163632497906638,2020
2020-07-27,0.41743219880256766,2020
2020-07-28,0.3982708847632588,2020
2020-07-29,0.4087746131047878,2020
2020-07-30,0.40336268128779157,2020
2020-07-31,0.41298031436639215,2020
2020-08-03,0.41628419991144566,2020
2020-08-04,0.39621009739502117,2020
2020-08-05,0.40175110952109794,2020
2020-08-06,0.42420047595628696,2020
2020-08-07,0.4186946352121139,2020
2020-08-10,0.40258861820870284,2020
2020-08-11,0.4218241666604666,2020
2020-08-12,0.4133688229898564,2020
2020-08-13,0.41345775499988185,2020
2020-08-14,0.3983629355925754,2020
2020-08-17,0.41767147444926805,2020
2020-08-18,0.4360436030554079,2020
2020-08-19,0.4429976972444435,2020
2020-08-20,0.41078215011756536,2020
2020-08-21,0.4028823256958406,2020
2020-08-24,0.4114828123357498,2020
2020-08-25,0.41477236570735837,2020
2020-08-26,0.41080031375979087,2020
2020-08-27,0.41364403129391,2020
2020-08-28,0.4041985116101954,2020
2020-08-31,0.41171647700074887,2020
2020-09-01,0.4181601047175273,2020
2020-09-02,0.4065719738909314,2020
2020-09-03,0.4107201765827633,2020
2020-09-04,0.48050179140435956,2020
2020-09-08,0.43469158814651054,2020
2020-09-09,0.41795748920553877,2020
2020-09-10,0.4175355898509463,2020
2020-09-11,0.415783863096276,2020
2020-09-14,0.4153049387379275,2020
2020-09-15,0.3960675814610828,2020
2020-09-16,0.38233483492420905,2020
2020-09-17,0.38576303807679396,2020
2020-09-18,0.38835296380730594,2020
2020-09-21,0.397117249877518,2020
2020-09-22,0.3928859223195025,2020
2020-09-23,0.3870613403810423,2020
2020-09-24,0.3905813734196436,2020
2020-09-25,0.38205355307570155,2020
2020-09-28,0.40881579546063823,2020
2020-09-29,0.38814828194542067,2020
2020-09-30,0.3857725897945394,2020
2020-10-01,0.40036793432916695,2020
2020-10-02,0.3905034263949462,2020
2020-10-05,0.39873935950403194,2020
2020-10-06,0.3898911019183507,2020
2020-10-07,0.3857845637281796,2020
2020-10-08,0.39231934800898716,2020
2020-10-09,0.39233618847055907,2020
2020-10-13,0.37657540544057,2020
2020-10-14,0.39485906191080644,2020
2020-10-15,0.3827406421782249,2020
2020-10-16,0.38979766140348465,2020
2020-10-19,0.3759369896377055,2020
2020-10-20,0.3892027164000362,2020
2020-10-21,0.412122123162605,2020
2020-10-22,0.42433233165098294,2020
2020-10-23,0.41290005286234627,2020
2020-10-26,0.40858089669811193,2020
2020-10-27,0.403531243231045,2020
2020-10-28,0.4457071844863971,2020
2020-10-29,0.4500628933861984,2020
2020-10-30,0.4615175592104758,2020
2020-11-03,0.47052173691301874,2020
2020-11-04,0.4965926764742489,2020
2020-11-05,0.49043906135933735,2020
2020-11-06,0.4952133207048992,2020
2020-11-09,0.5686283583946626,2020
2020-11-10,0.519679979731117,2020
2020-11-11,0.5345688247020168,2020
2020-11-12,0.5318294056378166,2020
2020-11-13,0.5263808954278832,2020
2020-11-16,0.5376007560986256,2020
2020-11-17,0.5245371930187911,2020
2020-11-18,0.5286740742653953,2020
2020-11-19,0.5252287633614328,2020
2020-11-20,0.5051468437676809,2020
2020-11-23,0.5158202436500183,2020
2020-11-24,0.5086206481478486,2020
2020-11-25,0.5141263819118069,2020
2020-11-26,0.45442972005569987,2020
2020-11-27,0.46106319452119654,2020
2020-11-30,0.46978080268914507,2020
2020-12-01,0.45894319984080384,2020
2020-12-02,0.4414153694410791,2020
2020-12-03,0.4407437085787886,2020
2020-12-04,0.44346087452731775,2020
2020-12-07,0.41856007453502797,2020
2020-12-08,0.39595069261258903,2020
2020-12-09,0.3991200400247823,2020
2020-12-10,0.3796495776988089,2020
2020-12-11,0.3743033136540349,2020
2020-12-14,0.3766681223091218,2020
2020-12-15,0.3725688916987382,2020
2020-12-16,0.37719320031099796,2020
2020-12-17,0.3754997361225797,2020
2020-12-18,0.371870655054668,2020
2020-12-21,0.37530467665026185,2020
2020-12-22,0.36277594699477467,2020
2020-12-23,0.36683115871483635,2020
2020-12-28,0.3703975747234626,2020
2020-12-29,0.36517563214807286,2020
2020-12-30,0.35399187529743315,2020
2021-01-04,0.4183082765000365,2021
2021-01-05,0.3632179914709005,2021
2021-01-06,0.44367081146000237,2021
2021-01-07,0.3819906723202223,2021
2021-01-08,0.3900169547559131,2021
2021-01-11,0.43500174055192015,2021
2021-01-12,0.40770833681806307,2021
2021-01-13,0.41037597341971843,2021
2021-01-14,0.4010180262399261,2021
2021-01-15,0.40348952741178845,2021
2021-01-18,0.39442621159145197,2021
2021-01-19,0.4180923803301039,2021
2021-01-20,0.4066943438531597,2021
2021-01-21,0.40560616975560576,2021
2021-01-22,0.40525721539643633,2021
2021-01-26,0.42027227523747235,2021
2021-01-27,0.43104938243920526,2021
2021-01-28,0.4380257147547409,2021
2021-01-29,0.44418560308949734,2021
2021-02-01,0.4503575771432625,2021
2021-02-02,0.43706190965175357,2021
2021-02-03,0.45143263128441535,2021
2021-02-04,0.4517381898284036,2021
2021-02-05,0.4348237648694424,2021
2021-02-08,0.42378747031439906,2021
2021-02-09,0.4213809554976904,2021
2021-02-10,0.4137639560826663,2021
2021-02-11,0.41405401463737723,2021
2021-02-12,0.401812781750126,2021
2021-02-17,0.41389537775992374,2021
2021-02-18,0.3984501506376235,2021
2021-02-19,0.4028888132871964,2021
2021-02-22,0.4114940839740373,2021
2021-02-23,0.41232993375382654,2021
2021-02-24,0.41321342040850806,2021
2021-02-25,0.40620764267680837,2021
2021-02-26,0.4101526833440011,2021
2021-03-01,0.3968505292648439,2021
2021-03-02,0.4002966107653582,2021
2021-03-03,0.3861957481193442,2021
2021-03-04,0.4099838769781876,2021
2021-03-05,0.41298347501022,2021
2021-03-08,0.4349703936064908,2021
2021-03-09,0.4411947730991405,2021
2021-03-10,0.4408105181345182,2021
2021-03-11,0.44779434724988154,2021
2021-03-12,0.4528262508450111,2021
2021-03-15,0.4554813816090088,2021
2021-03-16,0.4524006109112335,2021
2021-03-17,0.4634162233422353,2021
2021-03-18,0.4645012465989071,2021
2021-03-19,0.4698939363306058,2021
2021-03-22,0.4626517534973572,2021
2021-03-23,0.4577789918118966,2021
2021-03-24,0.45462970243983075,2021
2021-03-25,0.45390600601411185,2021
2021-03-26,0.4583259753505523,2021
2021-03-29,0.45878589351687343,2021
2021-03-30,0.4692281601054329,2021
2021-03-31,0.4665165509573055,2021
2021-04-01,0.4538205708831761,2021
2021-04-05,0.44700141362174844,2021
2021-04-06,0.4208287663956065,2021
2021-04-07,0.4142412603922806,2021
2021-04-08,0.40221916546685726,2021
2021-04-09,0.39961778584871976,2021
2021-04-12,0.39514346639145076,2021
2021-04-13,0.3881716543561903,2021
2021-04-14,0.3824536849986598,2021
2021-04-15,0.3824157356605465,2021
2021-04-16,0.3771483723925505,2021
2021-04-19,0.3804784916069162,2021
2021-04-20,0.3738898964997702,2021
2021-04-22,0.3680703483085789,2021
2021-04-23,0.36589867200746334,2021
2021-04-26,0.36469586842162577,2021
2021-04-27,0.3643757102045808,2021
2021-04-28,0.3464317021714793,2021
2021-04-29,0.3602239983093658,2021
2021-04-30,0.3592460708955058,2021
2021-05-03,0.36240250594088746,2021
2021-05-04,0.3595677172910843,2021
2021-05-05,0.35982070282379197,2021
2021-05-06,0.3625104711555862,2021
2021-05-07,0.3555452728844466,2021
2021-05-10,0.34957223550963284,2021
2021-05-11,0.3505727753452613,2021
2021-05-12,0.3606269970564733,2021
2021-05-13,0.3634790167255271,2021
2021-05-14,0.36353907936015656,2021
2021-05-17,0.36603218155950457,2021
2021-05-18,0.37211657183808283,2021
2021-05-19,0.3680796226514611,2021
2021-05-20,0.37433902523831675,2021
2021-05-21,0.37400030992207894,2021
2021-05-24,0.3713314255939386,2021
2021-05-25,0.3664307082509514,2021
2021-05-26,0.35144631976952784,2021
2021-05-27,0.3575691796116309,2021
2021-05-28,0.35089644190530445,2021
2021-05-31,0.33755638434842483,2021
2021-06-01,0.3533653737700139,2021
2021-06-02,0.34991157359326697,2021
2021-06-04,0.3538161951638421,2021
2021-06-07,0.34567560476981,2021
2021-06-08,0.3378612022686669,2021
2021-06-09,0.3381042271684251,2021
2021-06-10,0.3297029435538641,2021
2021-06-11,0.3154034197287205,2021
2021-06-14,0.32226726227712066,2021
2021-06-15,0.3129902734273477,2021
2021-06-16,0.3121487119259585,2021
2021-06-17,0.31077052908835967,2021
2021-06-18,0.3190668930538951,2021
2021-06-21,0.3133892606413634,2021
2021-06-22,0.3108438408774058,2021
2021-06-23,0.3096408598521656,2021
2021-06-24,0.3079859971264207,2021
2021-06-25,0.31230273681906606,2021
2021-06-28,0.3183413989972063,2021
2021-06-29,0.3210094691304079,2021
2021-06-30,0.35538767165738483,2021
2021-07-01,0.3082733190224713,2021
2021-07-02,0.303453311616244,2021
2021-07-05,0.2933023992124578,2021
2021-07-06,0.3107694102304456,2021
2021-07-07,0.3085676146245139,2021
2021-07-08,0.3169739842727291,2021
2021-07-12,0.3196433582426703,2021
2021-07-13,0.313649027450625,2021
2021-07-14,0.32582464501104014,2021
2021-07-15,0.31362402536162187,2021
2021-07-16,0.3086125449195389,2021
2021-07-19,0.3120446218433882,2021
2021-07-20,0.3157131413593889,2021
2021-07-21,0.31600932562039485,2021
2021-07-22,0.30351816677029037,2021
2021-07-23,0.3088457951260845,2021
2021-07-26,0.31293041549745715,2021
2021-07-27,0.3044782899689507,2021
2021-07-28,0.30678186675997815,2021
2021-07-29,0.31437659551903446,2021
2021-07-30,0.31890146744070824,2021
2021-08-02,0.3191782674286431,2021
2021-08-03,0.3377715948845261,2021
2021-08-04,0.3251422206653799,2021
2021-08-05,0.32748173479755804,2021
2021-08-06,0.32403197090280944,2021
2021-08-09,0.3179767235483707,2021
2021-08-10,0.32099092004999275,2021
2021-08-11,0.32121937691314567,2021
2021-08-12,0.3290043057511095,2021
2021-08-13,0.3257166600647893,2021
2021-08-16,0.3411600783707169,2021
2021-08-17,0.3417401519436661,2021
2021-08-18,0.3445380713217529,2021
2021-08-19,0.35734609553907887,2021
2021-08-20,0.34990622025467844,2021
2021-08-23,0.36406441514083066,2021
2021-08-24,0.3698505055153729,2021
2021-08-25,0.3637456900224757,2021
2021-08-26,0.36599117408013426,2021
2021-08-27,0.3591856763308599,2021
2021-08-30,0.35784396897534165,2021
2021-08-31,0.3608923974615995,2021
2021-09-01,0.3553161526199054,2021
2021-09-02,0.35770139715811466,2021
2021-09-03,0.35432326844918877,2021
2021-09-06,0.3420187819099712,2021
2021-09-08,0.36450416075758263,2021
2021-09-09,0.37481988654193943,2021
2021-09-10,0.36548402813790565,2021
2021-09-13,0.3640637545044174,2021
2021-09-14,0.3645719298072054,2021
2021-09-15,0.35378205219328107,2021
2021-09-16,0.35516129873986463,2021
2021-09-17,0.3488617931157481,2021
2021-09-20,0.35915328926900747,2021
2021-09-21,0.3565896548407876,2021
2021-09-22,0.35372157247413877,2021
2021-09-23,0.3635713341678398,2021
2021-09-24,0.35589265885188887,2021
2021-09-27,0.3615161110411664,2021
2021-09-28,0.3690300278785158,2021
2021-09-29,0.36802118963527547,2021
2021-09-30,0.36913840855735425,2021
2021-10-01,0.36695075480753553,2021
2021-10-04,0.38147796214059615,2021
2021-10-05,0.380263054885466,2021
2021-10-06,0.3734104496044232,2021
2021-10-07,0.35960934847693193,2021
2021-10-08,0.37257706843169747,2021
2021-10-11,0.36380285768714155,2021
2021-10-13,0.38441992387658097,2021
2021-10-14,0.3675303006628371,2021
2021-10-15,0.37780307350859815,2021
2021-10-18,0.3739411523041671,2021
2021-10-19,0.3804549955320042,2021
2021-10-20,0.3676851108426529,2021
2021-10-21,0.37954747181679904,2021
2021-10-22,0.3843351680828264,2021
2021-10-25,0.38423610328030255,2021
2021-10-26,0.38192002074592646,2021
2021-10-27,0.38822066138665945,2021
2021-10-28,0.3951310873750376,2021
2021-10-29,0.3828358719247338,2021
2021-11-01,0.38375200312149,2021
2021-11-03,0.3957138507055451,2021
2021-11-04,0.4107393505912033,2021
2021-11-05,0.41926223952402275,2021
2021-11-08,0.4202417558632211,2021
2021-11-09,0.4128176355879748,2021
2021-11-10,0.4184593939952989,2021
2021-11-11,0.4232637751486368,2021
2021-11-12,0.42170241524536867,2021
2021-11-16,0.4281206241752463,2021
2021-11-17,0.43325424501331183,2021
2021-11-18,0.41939191428766875,2021
2021-11-19,0.4299188863721545,2021
2021-11-22,0.4242583426884139,2021
2021-11-23,0.41538321825178337,2021
2021-11-24,0.4136270232685295,2021
2021-11-25,0.4304313114384525,2021
2021-11-26,0.422643231680103,2021
2021-11-29,0.4189874354698567,2021
2021-11-30,0.42510021384133584,2021
2021-12-01,0.42729569777050147,2021
2021-12-02,0.43350046588723246,2021
2021-12-03,0.4358854737895351,2021
2021-12-06,0.4245259918218368,2021
2021-12-07,0.4181788793518326,2021
2021-12-08,0.4026680316170721,2021
2021-12-09,0.41315864624570287,2021
2021-12-10,0.4136009904813303,2021
2021-12-13,0.40919374097291483,2021
2021-12-14,0.39870560476182204,2021
2021-12-15,0.40426364298413286,2021
2021-12-16,0.39721420200759716,2021
2021-12-17,0.39937644012064016,2021
2021-12-20,0.40650387596604964,2021
2021-12-21,0.40423072893483325,2021
2021-12-22,0.4016611027416974,2021
2021-12-23,0.40633505954134935,2021
2021-12-27,0.40002001696646006,2021
2021-12-28,0.3947847655545198,2021
2021-12-29,0.3917551535932938,2021
2021-12-30,0.38758771006564186,2021
2022-01-03,0.3891558829661651,2022
2022-01-04,0.3947207037634061,2022
2022-01-05,0.39750053921668016,2022
2022-01-06,0.39972583947268836,2022
2022-01-07,0.39265047615842114,2022
2022-01-10,0.40269105629789226,2022
2022-01-11,0.4003773384784419,2022
2022-01-12,0.4077135596899596,2022
2022-01-13,0.4028734606181457,2022
2022-01-14,0.40023733137814166,2022
2022-01-17,0.39536013605955506,2022
2022-01-18,0.39621187266509184,2022
2022-01-19,0.4131845425919508,2022
2022-01-20,0.40098866402771866,2022
2022-01-21,0.4257003774460451,2022
2022-01-24,0.42813785558493955,2022
2022-01-25,0.4191864569603113,2022
2022-01-26,0.42866553868346097,2022
2022-01-27,0.43344429059136635,2022
2022-01-28,0.44581872430149855,2022
2022-01-31,0.4227824745796011,2022
2022-02-01,0.4321893961953095,2022
2022-02-02,0.40149029644635137,2022
2022-02-03,0.4142865952570714,2022
2022-02-04,0.4172774813160638,2022
2022-02-07,0.4074290080041479,2022
2022-02-08,0.40915612563103454,2022
2022-02-09,0.40600732722225163,2022
2022-02-10,0.3988907839996225,2022
2022-02-11,0.4107123753648263,2022
2022-02-14,0.39883110907756736,2022
2022-02-15,0.402714488284423,2022
2022-02-16,0.39514653738842254,2022
2022-02-17,0.3922784586996833,2022
2022-02-18,0.39871888112474707,2022
2022-02-21,0.3905128173385829,2022
2022-02-22,0.39125939589987724,2022
2022-02-23,0.39475224031504363,2022
2022-02-24,0.40796351780983386,2022
2022-02-25,0.40921815249368143,2022
2022-03-02,0.4115450520845674,2022
2022-03-03,0.4215050206264251,2022
2022-03-04,0.4189781700576922,2022
2022-03-07,0.44236321498675557,2022
2022-03-08,0.44052120475725715,2022
2022-03-09,0.46795685077247395,2022
2022-03-10,0.46114500952783016,2022
2022-03-11,0.4742170555025133,2022
2022-03-14,0.469119927272741,2022
2022-03-15,0.47347366308026895,2022
2022-03-16,0.4891122979584953,2022
2022-03-17,0.47665526834335054,2022
2022-03-18,0.48434290670208774,2022
2022-03-21,0.4731380066546611,2022
2022-03-22,0.48807438041057966,2022
2022-03-23,0.4861431310281936,2022
2022-03-24,0.47969064629155,2022
2022-03-25,0.490326306620394,2022
2022-03-28,0.4779921175897878,2022
2022-03-29,0.4838928501600171,2022
2022-03-30,0.4761494605661434,2022
2022-03-31,0.4714401850134646,2022
2022-04-01,0.4633481178342533,2022
2022-04-04,0.43954055959275823,2022
2022-04-05,0.43534692633024663,2022
2022-04-06,0.4242086384164826,2022
2022-04-07,0.41719611481131824,2022
2022-04-08,0.40253818850153067,2022
2022-04-11,0.4003513414073252,2022
2022-04-12,0.39098401573954683,2022
2022-04-13,0.3889991956628247,2022
2022-04-14,0.3825934955074284,2022
2022-04-18,0.38384648263319987,2022
2022-04-19,0.3838752457029613,2022
2022-04-20,0.38551942784556814,2022
2022-04-22,0.3949966494570681,2022
2022-04-25,0.394260848993807,2022
2022-04-26,0.3763214994868397,2022
2022-04-27,0.3864661564012414,2022
2022-04-28,0.38472767589324935,2022
2022-04-29,0.3967543583073573,2022
2022-05-02,0.4116755638061692,2022
2022-05-03,0.3927775936266259,2022
2022-05-04,0.4055794626955582,2022
2022-05-05,0.4147052698677245,2022
2022-05-06,0.42731843545189185,2022
2022-05-09,0.43651025710756863,2022
2022-05-10,0.43434036893019407,2022
2022-05-11,0.44463714642156027,2022
2022-05-12,0.4439474660117915,2022
2022-05-13,0.4592111734629194,2022
2022-05-16,0.46097075976605306,2022
2022-05-17,0.4656188343612732,2022
2022-05-18,0.4591847240303742,2022
2022-05-19,0.4700095482251951,2022
2022-05-20,0.4685265391437199,2022
2022-05-23,0.4659313746470299,2022
2022-05-24,0.47060132568553886,2022
2022-05-25,0.47491716798670286,2022
2022-05-26,0.46597546700691,2022
2022-05-27,0.4683546183925664,2022
2022-05-30,0.44626217328807705,2022
2022-05-31,0.45861751154551755,2022
2022-06-01,0.4434441208343626,2022
2022-06-02,0.43598430546029265,2022
2022-06-03,0.41834371783241175,2022
2022-06-06,0.4225878424535923,2022
2022-06-07,0.4138577112349333,2022
2022-06-08,0.4147860141187372,2022
2022-06-09,0.41438438488483953,2022
2022-06-10,0.4048404656613259,2022
2022-06-13,0.418289174197808,2022
2022-06-14,0.41801713555073566,2022
2022-06-15,0.4092135781530898,2022
2022-06-17,0.41666977913002745,2022
2022-06-20,0.3998851533524272,2022
2022-06-21,0.4155330832048835,2022
2022-06-22,0.40516847401375355,2022
2022-06-23,0.41299462673181686,2022
2022-06-24,0.4173969675233896,2022
2022-06-27,0.41380916371422266,2022
2022-06-28,0.40854071537623315,2022
2022-06-29,0.40771694897723343,2022
2022-06-30,0.40813365061801343,2022
2022-07-01,0.4176718893651704,2022
2022-07-04,0.4009763949298983,2022
2022-07-05,0.42082462848968094,2022
2022-07-06,0.415389386328847,2022
2022-07-07,0.4255123801862913,2022
2022-07-08,0.4250489850753585,2022
2022-07-11,0.4225642887831972,2022
2022-07-12,0.41975227188095776,2022
2022-07-13,0.4034448660931888,2022
2022-07-14,0.40927269344431316,2022
2022-07-15,0.3919836275559228,2022
2022-07-18,0.40821585851897474,2022
2022-07-19,0.39953806851217843,2022
2022-07-20,0.4025537833696413,2022
2022-07-21,0.4079346873336025,2022
2022-07-22,0.40269667873600845,2022
2022-07-25,0.4071002188893008,2022
2022-07-26,0.41376053616906366,2022
2022-07-27,0.4113566624661287,2022
2022-07-28,0.41131508644861414,2022
2022-07-29,0.407849442451892,2022
2022-08-01,0.397505314143227,2022
2022-08-02,0.39905803988905886,2022
2022-08-03,0.40804276346527735,2022
2022-08-04,0.40883471407439226,2022
2022-08-05,0.4136038681935932,2022
2022-08-08,0.4077749676711909,2022
2022-08-09,0.4158299600463637,2022
2022-08-10,0.41729697119997633,2022
2022-08-11,0.4075054033010475,2022
2022-08-12,0.41494350985082445,2022
2022-08-15,0.4082353021247244,2022
2022-08-16,0.4090466281532612,2022
2022-08-17,0.40045251863273135,2022
2022-08-18,0.40058163219689613,2022
2022-08-19,0.41393287577537197,2022
2022-08-22,0.4049551604726883,2022
2022-08-23,0.40149144204916876,2022
2022-08-24,0.4008374003989525,2022
2022-08-25,0.4013055976831695,2022
2022-08-26,0.4079442577938866,2022
2022-08-29,0.4010884539879983,2022
2022-08-30,0.4027432891508374,2022
2022-08-31,0.4038309677847822,2022
2022-09-01,0.3965285124750802,2022
2022-09-02,0.39856059684704,2022
2022-09-05,0.3846223083625254,2022
2022-09-06,0.40051339680621517,2022
2022-09-08,0.3938161689626636,2022
2022-09-09,0.3901329285780883,2022
2022-09-12,0.39010282253213807,2022
2022-09-13,0.3867705319154694,2022
2022-09-14,0.3840143667478624,2022
2022-09-15,0.3767838145286023,2022
2022-09-16,0.3843787942641217,2022
2022-09-19,0.38191313205025645,2022
2022-09-20,0.3702188156277257,2022
2022-09-21,0.3767719489996938,2022
2022-09-22,0.3804950835142327,2022
2022-09-23,0.38268245518256405,2022
2022-09-26,0.3872437419179443,2022
2022-09-27,0.3868087539139715,2022
2022-09-28,0.38411026232994305,2022
2022-09-29,0.3783426740543009,2022
2022-09-30,0.38651593325042155,2022
2022-10-03,0.4118661243261541,2022
2022-10-04,0.4147465319059103,2022
2022-10-05,0.4064301803805135,2022
2022-10-06,0.39935551435450634,2022
2022-10-07,0.40119332135366303,2022
2022-10-10,0.40819688295765066,2022
2022-10-11,0.41064626744200966,2022
2022-10-13,0.4130035974721137,2022
2022-10-14,0.4198893821227428,2022
2022-10-17,0.4229986987478418,2022
2022-10-18,0.4275591317342311,2022
2022-10-19,0.4264668013368571,2022
2022-10-20,0.42282831812547833,2022
2022-10-21,0.42786318308558935,2022
2022-10-24,0.41534014629895993,2022
2022-10-25,0.401171670458267,2022
2022-10-26,0.4206956168687534,2022
2022-10-27,0.4269641025967239,2022
2022-10-28,0.43121855221708494,2022
2022-10-31,0.43683127761479573,2022
2022-11-01,0.4136993369931551,2022
2022-11-03,0.41047656806584726,2022
2022-11-04,0.41776282586345914,2022
2022-11-07,0.4215060364458867,2022
2022-11-08,0.42286749113533895,2022
2022-11-09,0.4283078636227846,2022
2022-11-10,0.4768165194308274,2022
2022-11-11,0.48846585564284883,2022
2022-11-14,0.4963495452318371,2022
2022-11-16,0.5236273827037895,2022
2022-11-17,0.5250227780530128,2022
2022-11-18,0.5306133440212355,2022
2022-11-21,0.5385723069917023,2022
2022-11-22,0.5338891609610896,2022
2022-11-23,0.5364934896009231,2022
2022-11-24,0.5593686192934096,2022
2022-11-25,0.5541319801706255,2022
2022-11-28,0.5508187636050332,2022
2022-11-29,0.5502581099988209,2022
2022-11-30,0.5369024332276486,2022
2022-12-01,0.5404714031586567,2022
2022-12-02,0.541413500060286,2022
2022-12-05,0.5338699842428274,2022
2022-12-06,0.5380842077235719,2022
2022-12-07,0.5400829484764855,2022
2022-12-08,0.5328777728563582,2022
2022-12-09,0.5016458088983353,2022
2022-12-12,0.4894265413608876,2022
2022-12-13,0.4871842535379337,2022
2022-12-14,0.47896211539036,2022
2022-12-15,0.4760728299397498,2022
2022-12-16,0.48801733433208255,2022
2022-12-19,0.4747689728058731,2022
2022-12-20,0.4925572337100155,2022
2022-12-21,0.48599860724798927,2022
2022-12-22,0.46280304399424654,2022
2022-12-23,0.4699324595988394,2022
2022-12-26,0.46505268953239315,2022
2022-12-27,0.4587200788337633,2022
2022-12-28,0.4658216775152457,2022
2022-12-29,0.4538978353430907,2022
2023-01-02,0.46868102948455204,2023
2023-01-03,0.466579103843958,2023
2023-01-04,0.4761774435899071,2023
2023-01-05,0.489568977942161,2023
2023-01-06,0.4851955151065143,2023
2023-01-09,0.4748909624892599,2023
2023-01-10,0.478902745294938,2023
2023-01-11,0.47956334805840733,2023
2023-01-12,0.46214176049698275,2023
2023-01-13,0.46207642447269837,2023
2023-01-16,0.45672760213412844,2023
2023-01-17,0.45256758347625203,2023
2023-01-18,0.44078920224472123,2023
2023-01-19,0.4372932664273903,2023
2023-01-20,0.42633460448708466,2023
2023-01-23,0.4286641374170601,2023
2023-01-24,0.42698964936998784,2023
2023-01-25,0.41798455047084637,2023
2023-01-26,0.40704654454054207,2023
2023-01-27,0.3969262391166388,2023
2023-01-30,0.37458673652083707,2023
2023-01-31,0.3614988848003484,2023
2023-02-01,0.3609101019057372,2023
2023-02-02,0.36439838018000026,2023
2023-02-03,0.3722915752695753,2023
2023-02-06,0.3743201630829247,2023
2023-02-07,0.3517656744352786,2023
2023-02-08,0.3555674000155874,2023
2023-02-09,0.3693810727640265,2023
2023-02-10,0.3791023510576334,2023
2023-02-13,0.3704058143106326,2023
2023-02-14,0.3698590710108868,2023
2023-02-15,0.37148747752520295,2023
2023-02-16,0.37665149811866655,2023
2023-02-17,0.3766459939070141,2023
2023-02-22,0.3733631428710379,2023
2023-02-23,0.3815591830709155,2023
2023-02-24,0.37874900632820635,2023
2023-02-27,0.36776589698229345,2023
2023-02-28,0.375837353100428,2023
2023-03-01,0.3888068719750035,2023
2023-03-02,0.379695040401111,2023
2023-03-03,0.3845077495338926,2023
2023-03-06,0.3802005817943117,2023
2023-03-07,0.37336444148501124,2023
2023-03-08,0.3997728059701975,2023
2023-03-09,0.39527256197766136,2023
2023-03-10,0.3997109113013165,2023
2023-03-13,0.39111735629424715,2023
2023-03-14,0.3878377888526102,2023
2023-03-15,0.38750190118080313,2023
2023-03-16,0.38996472083465195,2023
2023-03-17,0.38965548854849524,2023
2023-03-20,0.39502950285379523,2023
2023-03-21,0.3989777128608231,2023
2023-03-22,0.40245217241353914,2023
2023-03-23,0.40196266991675644,2023
2023-03-24,0.41778866014166083,2023
2023-03-27,0.42183590501944634,2023
2023-03-28,0.43123980500825887,2023
2023-03-29,0.41332508023468606,2023
2023-03-30,0.4244395958380708,2023
2023-03-31,0.4336260543636694,2023
2023-04-03,0.4327332186849748,2023
2023-04-04,0.4334351812605659,2023
2023-04-05,0.42096115629358105,2023
2023-04-06,0.4165457482133217,2023
2023-04-10,0.4225322044008763,2023
2023-04-11,0.43971992115941816,2023
2023-04-12,0.44273316741067426,2023
2023-04-13,0.4367690254572829,2023
2023-04-14,0.4374278958062226,2023
2023-04-17,0.4303217085359955,2023
2023-04-18,0.41421273589263763,2023
2023-04-19,0.4328194894519922,2023
2023-04-20,0.42612670084647675,2023
2023-04-24,0.41529197478399804,2023
2023-04-25,0.41738178600838893,2023
2023-04-26,0.4191584056994022,2023
2023-04-27,0.411757700316872,2023
2023-04-28,0.42890866950954487,2023
2023-05-02,0.4433063254538896,2023
2023-05-03,0.44097611784524166,2023
2023-05-04,0.4304423379267583,2023
2023-05-05,0.44402024696253134,2023
2023-05-08,0.4430910812790401,2023
2023-05-09,0.45691991370982443,2023
2023-05-10,0.4547472777239035,2023
2023-05-11,0.42711804461618963,2023
2023-05-12,0.4359015589128476,2023
2023-05-15,0.43964139661559876,2023
2023-05-16,0.43432102461985583,2023
2023-05-17,0.444100794222519,2023
2023-05-18,0.45389630627107297,2023
2023-05-19,0.43634334138878494,2023
2023-05-22,0.43322164477337594,2023
2023-05-23,0.4306750887052847,2023
2023-05-24,0.42586167939612474,2023
2023-05-25,0.428387981612196,2023
2023-05-26,0.42755762342212333,2023
2023-05-29,0.42158460650228724,2023
2023-05-30,0.40496492248642996,2023
2023-05-31,0.38977916632327086,2023
2023-06-01,0.3848062102562695,2023
2023-06-02,0.380101020283789,2023
2023-06-05,0.3771405357090647,2023
2023-06-06,0.3842221851892506,2023
2023-06-07,0.37716799843048726,2023
2023-06-09,0.3789514511070632,2023
2023-06-12,0.3726809507935259,2023
2023-06-13,0.37728550824510276,2023
2023-06-14,0.3722366061787726,2023
2023-06-15,0.36173734300518107,2023
2023-06-16,0.350890447278427,2023
2023-06-19,0.34698511873613563,2023
2023-06-20,0.3459439766930916,2023
2023-06-21,0.3608383770029181,2023
2023-06-22,0.3613493135137098,2023
2023-06-23,0.3590943464544625,2023
2023-06-26,0.35535605176675955,2023
2023-06-27,0.35585510205882875,2023
2023-06-28,0.35893576004991046,2023
2023-06-29,0.37309049280353834,2023
2023-06-30,0.36441593934618444,2023
2023-07-03,0.3600590123899422,2023
2023-07-04,0.35754578974013135,2023
2023-07-05,0.34858919270072247,2023
2023-07-06,0.36155079844440074,2023
2023-07-07,0.3643542578730525,2023
2023-07-10,0.3558709036235388,2023
2023-07-11,0.35386206240373036,2023
2023-07-12,0.34067275020574805,2023
2023-07-13,0.3384309669389222,2023
2023-07-14,0.34351382496438604,2023
2023-07-17,0.3456976236626559,2023
2023-07-18,0.33969887021915357,2023
2023-07-19,0.33457614490620086,2023
2023-07-20,0.3278275319049884,2023
2023-07-21,0.33060843807120954,2023
2023-07-24,0.33402321740865687,2023
2023-07-25,0.3282659168579751,2023
2023-07-26,0.32943933763964384,2023
2023-07-27,0.32307395398027877,2023
2023-07-28,0.3187855814211873,2023
2023-07-31,0.3216212191407706,2023
2023-08-01,0.3205416824400965,2023
2023-08-02,0.3172426476357287,2023
2023-08-03,0.32058672457880716,2023
2023-08-04,0.31692201169436296,2023
2023-08-07,0.31456261450918194,2023
2023-08-08,0.31844463843695764,2023
2023-08-09,0.31946362782256177,2023
2023-08-10,0.3238607773289874,2023
2023-08-11,0.32403474083307904,2023
2023-08-14,0.32705278763866846,2023
2023-08-15,0.3383425338510649,2023
2023-08-16,0.3381799180410514,2023
2023-08-17,0.3603265487255898,2023
2023-08-18,0.3468421050940426,2023
2023-08-21,0.34603886644326637,2023
2023-08-22,0.35430178169922,2023
2023-08-23,0.3646804687186118,2023
2023-08-24,0.3640372824439072,2023
2023-08-25,0.3673970990027896,2023
2023-08-28,0.3668729486045449,2023
2023-08-29,0.3682696314934173,2023
2023-08-30,0.3622294101970594,2023
2023-08-31,0.357685926396578,2023
2023-09-01,0.3695321427263064,2023
2023-09-04,0.3743291076401696,2023
2023-09-05,0.3721536508558168,2023
2023-09-06,0.375906151020345,2023
2023-09-08,0.35259306341139507,2023
2023-09-11,0.35555897750116644,2023
2023-09-12,0.37128148204767925,2023
2023-09-13,0.35886841772667133,2023
2023-09-14,0.3361052013486774,2023
2023-09-15,0.3401900734715425,2023
2023-09-18,0.34688301558761203,2023
2023-09-19,0.34661994622879416,2023
2023-09-20,0.3410027022359506,2023
2023-09-21,0.34107976683250546,2023
2023-09-22,0.33571481946143666,2023
2023-09-25,0.32890125724463076,2023
2023-09-26,0.33536995069892855,2023
2023-09-27,0.32921465171480235,2023
2023-09-28,0.3494519408542298,2023
2023-09-29,0.3375590735461731,2023
2023-10-02,0.3294216133872313,2023
2023-10-03,0.3365153151289579,2023
2023-10-04,0.33506623935749075,2023
2023-10-05,0.3289809327438984,2023
2023-10-06,0.32992518270187243,2023
2023-10-09,0.3275729122892729,2023
2023-10-10,0.33242964285210497,2023
2023-10-11,0.33725075510405916,2023
2023-10-13,0.33631232161892355,2023
2023-10-16,0.3367368266099344,2023
2023-10-17,0.3440132238146191,2023
2023-10-18,0.3478672547017748,2023
2023-10-19,0.3419850045206267,2023
2023-10-20,0.3402695536260406,2023
2023-10-23,0.3585464643453223,2023
2023-10-24,0.35372325102192165,2023
2023-10-25,0.3574725519873797,2023
2023-10-26,0.3662920924434452,2023
2023-10-27,0.36877628866024337,2023
2023-10-30,0.36079223377235037,2023
2023-10-31,0.3625355258072551,2023
2023-11-01,0.35455963276067193,2023
2023-11-03,0.39247925191532795,2023
2023-11-06,0.3994029044885183,2023
2023-11-07,0.40130053684038847,2023
2023-11-08,0.4042311916338328,2023
2023-11-09,0.4053072111504393,2023
2023-11-10,0.42087654230239585,2023
2023-11-13,0.4160279762422152,2023
2023-11-14,0.42340644222878204,2023
2023-11-16,0.41851014105479967,2023
2023-11-17,0.4156000637442935,2023
2023-11-20,0.41657459636590655,2023
2023-11-21,0.4172491153465768,2023
2023-11-22,0.4176755011962192,2023
2023-11-23,0.41242914920438667,2023
2023-11-24,0.4008818001763109,2023
2023-11-27,0.3982671569296848,2023
2023-11-28,0.39098337404108924,2023
2023-11-29,0.3826834825078552,2023
2023-11-30,0.3897508458924813,2023
2023-12-01,0.39117784062772787,2023
2023-12-04,0.3635371761106386,2023
2023-12-05,0.36696371449929244,2023
2023-12-06,0.35570560511350635,2023
2023-12-07,0.3559597650302992,2023
2023-12-08,0.3555443431919622,2023
2023-12-11,0.3424633410506262,2023
2023-12-12,0.34517137900832584,2023
2023-12-13,0.3362236585021749,2023
2023-12-14,0.3436589325467398,2023
2023-12-15,0.3379100286309122,2023
2023-12-18,0.33699546675215186,2023
2023-12-19,0.3275534839608551,2023
2023-12-20,0.323438411530832,2023
2023-12-21,0.32787266451088815,2023
2023-12-22,0.3307241450008817,2023
2023-12-26,0.3287750024329805,2023
2023-12-27,0.3208173051856622,2023
2023-12-28,0.32809929860771797,2023
2024-01-02,0.34743729224848985,2024
2024-01-03,0.3350378538537113,2024
2024-01-04,0.3376736651778498,2024
2024-01-05,0.3384584179096483,2024
2024-01-08,0.33805585214102274,2024
2024-01-09,0.335582841258398,2024
2024-01-10,0.34245319594461165,2024
2024-01-11,0.3416463724862994,2024
2024-01-12,0.33408554602049695,2024
2024-01-15,0.3201616920697767,2024
2024-01-16,0.31757041435382444,2024
2024-01-17,0.3137767801970548,2024
2024-01-18,0.31151298083148404,2024
2024-01-19,0.3167666175956675,2024
2024-01-22,0.3226716153578979,2024
2024-01-23,0.3251798197278364,2024
2024-01-24,0.3220203670766577,2024
2024-01-25,0.3169485127940577,2024
2024-01-26,0.3253840982548091,2024
2024-01-29,0.3236799985308584,2024
2024-01-30,0.3145170111820299,2024
2024-01-31,0.3145824953162736,2024
2024-02-01,0.30221767667521504,2024
2024-02-02,0.3157657102265037,2024
2024-02-05,0.30736594881879536,2024
2024-02-06,0.30734630319717376,2024
2024-02-07,0.3124446253187588,2024
2024-02-08,0.312558595027145,2024
2024-02-09,0.3124026753258524,2024
2024-02-14,0.3157881459632115,2024
2024-02-15,0.32116833306699444,2024
2024-02-16,0.3217983833395434,2024
2024-02-19,0.3277449354614819,2024
2024-02-20,0.34323162200025364,2024
2024-02-21,0.33179310699801684,2024
2024-02-22,0.3334795490827465,2024
2024-02-23,0.32797866668717623,2024
2024-02-26,0.33408337885112144,2024
2024-02-27,0.33900415511786075,2024
2024-02-28,0.34182293265476776,2024
2024-02-29,0.3430889150724311,2024
2024-03-01,0.34723109320483075,2024
2024-03-04,0.34421759001147617,2024
2024-03-05,0.3378107566636697,2024
2024-03-06,0.3455438090805243,2024
2024-03-07,0.3421133236264128,2024
2024-03-08,0.3483317915788364,2024
2024-03-11,0.3298518399378352,2024
2024-03-12,0.32463626604795487,2024
2024-03-13,0.32785424264550955,2024
2024-03-14,0.32477992109379256,2024
2024-03-15,0.3369291645865763,2024
2024-03-18,0.34143501597541137,2024
2024-03-19,0.33044172051884724,2024
2024-03-20,0.33848929645629466,2024
2024-03-21,0.3339025774686809,2024
2024-03-22,0.3416588699741094,2024
2024-03-25,0.3403940694350774,2024
2024-03-26,0.32709026077996395,2024
2024-03-27,0.33147750595783965,2024
2024-03-28,0.3338096437493454,2024
2024-04-01,0.34655653718469137,2024
2024-04-02,0.33490627109051124,2024
2024-04-03,0.33848723161262717,2024
2024-04-04,0.3327967453254661,2024
2024-04-05,0.32606477702871894,2024
2024-04-08,0.3324161174673008,2024
2024-04-09,0.32877646857284665,2024
2024-04-10,0.3235668074093838,2024
2024-04-11,0.31780087572425125,2024
2024-04-12,0.333468747387497,2024
2024-04-15,0.347410117793611,2024
2024-04-16,0.34544319431837356,2024
2024-04-17,0.34306688440168354,2024
2024-04-18,0.31466162274337073,2024
2024-04-19,0.3277946778062321,2024
2024-04-22,0.3225167688643281,2024
2024-04-23,0.3272092362865343,2024
2024-04-24,0.32305709082767153,2024
2024-04-25,0.320616419790119,2024
2024-04-26,0.3426654465517702,2024
2024-04-29,0.340769604354289,2024
2024-04-30,0.34852332825499,2024
2024-05-02,0.35863203473023997,2024
2024-05-03,0.3647936815250529,2024
2024-05-06,0.36948415279289587,2024
2024-05-07,0.367056253494626,2024
2024-05-08,0.36256124731674455,2024
2024-05-09,0.36119394030086793,2024
2024-05-10,0.3657254344816051,2024
2024-05-13,0.3571252672574874,2024
2024-05-14,0.35519913969398403,2024
2024-05-15,0.37026664790325103,2024
2024-05-16,0.3712611736319301,2024
2024-05-17,0.3679666094721456,2024
2024-05-20,0.35459278920946813,2024
2024-05-21,0.34919956047014705,2024
2024-05-22,0.35091285348724394,2024
2024-05-23,0.35174449949924064,2024
2024-05-24,0.3419644191784783,2024
2024-05-27,0.33995856261908725,2024
2024-05-28,0.340802660130504,2024
2024-05-29,0.3351178567230589,2024
2024-05-31,0.32448030780896603,2024
2024-06-03,0.3289222492838787,2024
2024-06-04,0.31569700690360847,2024
2024-06-05,0.3027935363855501,2024
2024-06-06,0.30426609320292547,2024
2024-06-07,0.30019735806990444,2024
2024-06-10,0.3155946967192005,2024
2024-06-11,0.31865776494582465,2024
2024-06-12,0.3066386812193017,2024
2024-06-13,0.3033284360096185,2024
2024-06-14,0.29644302055638916,2024
2024-06-17,0.2957972904801839,2024
2024-06-18,0.2971312887386703,2024
2024-06-19,0.29274048743711306,2024
2024-06-20,0.28417331869566287,2024
2024-06-21,0.2907564045212757,2024
2024-06-24,0.3128258912566295,2024
2024-06-25,0.3015088918087524,2024
2024-06-26,0.3085328413069578,2024
2024-06-27,0.3263355908337346,2024
2024-06-28,0.32603906515803943,2024
2024-07-01,0.3276404080990386,2024
2024-07-02,0.3275103327810435,2024
2024-07-03,0.3345447717552676,2024
2024-07-04,0.3327328160697459,2024
2024-07-05,0.3323935325682087,2024
2024-07-08,0.3223878468081855,2024
2024-07-09,0.3217939827726861,2024
2024-07-10,0.31838170372908464,2024
2024-07-11,0.31770975252071737,2024
2024-07-12,0.310621369011111,2024
2024-07-15,0.30777226582490186,2024
2024-07-16,0.3052795962410723,2024
2024-07-17,0.30741108065009176,2024
2024-07-18,0.3158055602584927,2024
2024-07-19,0.3167340034954391,2024
2024-07-22,0.3104401429186192,2024
2024-07-23,0.31569922472672274,2024
2024-07-24,0.3104963301092558,2024
2024-07-25,0.30598724717301345,2024
2024-07-26,0.3047328433969555,2024
2024-07-29,0.3005486632546989,2024
2024-07-30,0.29606115810783107,2024
2024-07-31,0.294372843092644,2024
2024-08-01,0.2928118057122415,2024
2024-08-02,0.295807909175848,2024
2024-08-05,0.30196558691951364,2024
2024-08-06,0.30281680786266607,2024
2024-08-07,0.3129988799469486,2024
2024-08-08,0.3243320457692138,2024
2024-08-09,0.33968039031192754,2024
2024-08-12,0.33423896699579003,2024
2024-08-13,0.3435465364081449,2024
2024-08-14,0.3531661130006332,2024
2024-08-15,0.34722213432632165,2024
2024-08-16,0.35729637748986226,2024
2024-08-19,0.3626930373768117,2024
2024-08-20,0.3572792842433949,2024
2024-08-21,0.34869648005192605,2024
2024-08-22,0.36401272787902744,2024
2024-08-23,0.35974319009589184,2024
2024-08-26,0.35753479115305536,2024
2024-08-27,0.3621731357385583,2024
2024-08-28,0.35869041041333005,2024
2024-08-29,0.3597096228519383,2024
2024-08-30,0.3543536345719627,2024
2024-09-02,0.3440089633096081,2024
2024-09-03,0.34433030069180676,2024
2024-09-04,0.34004193703788477,2024
2024-09-05,0.3313753617780355,2024
2024-09-06,0.3143983968242203,2024
2024-09-09,0.3199725614288206,2024
2024-09-10,0.3126986805661937,2024
2024-09-11,0.3097404957367856,2024
2024-09-12,0.3053422310477678,2024
2024-09-13,0.3029446042833668,2024
2024-09-16,0.2927237764011631,2024
2024-09-17,0.29172726995761666,2024
2024-09-18,0.29410162383820637,2024
2024-09-19,0.2939918522428092,2024
2024-09-20,0.2971859214036953,2024
2024-09-23,0.30227583263458135,2024
2024-09-24,0.3036084791838592,2024
2024-09-25,0.3067593100182149,2024
2024-09-26,0.3013143521733185,2024
2024-09-27,0.30390208122661094,2024
2024-09-30,0.300636923427082,2024
2024-10-01,0.30323282807760316,2024
2024-10-02,0.30478753123451646,2024
2024-10-03,0.30501449900852795,2024
2024-10-04,0.30272928028943613,2024
2024-10-07,0.3046807693397461,2024
2024-10-08,0.29851650366836535,2024
2024-10-09,0.29903729490592973,2024
2024-10-10,0.2966727964637441,2024
2024-10-11,0.2986405059056172,2024
2024-10-14,0.30209077886757324,2024
2024-10-15,0.2963204918980882,2024
2024-10-16,0.3049335581125055,2024
2024-10-17,0.2984501270731631,2024
2024-10-18,0.2898013611191175,2024
2024-10-21,0.2939348210748075,2024
2024-10-22,0.28200576747384026,2024
2024-10-23,0.27683075822188946,2024
2024-10-24,0.27514923764983307,2024
2024-10-25,0.27514037168134187,2024
2024-10-28,0.2748936587438753,2024
2024-10-29,0.27799166234449113,2024
2024-10-30,0.2687456720159477,2024
2024-10-31,0.2648785199559017,2024
2024-11-01,0.271253140128889,2024
2024-11-04,0.2929022878442771,2024
2024-11-05,0.2964644740434993,2024
2024-11-06,0.29931750153599007,2024
2024-11-07,0.31495306656984623,2024
2024-11-08,0.3223896699824664,2024
2024-11-11,0.3238147694698946,2024
2024-11-12,0.3255114818825274,2024
2024-11-13,0.32374792680169606,2024
2024-11-14,0.33678049469389026,2024
2024-11-18,0.34365722298824253,2024
2024-11-19,0.348205975978657,2024
2024-11-21,0.34978897541981113,2024
2024-11-22,0.36016734216503665,2024
2024-11-25,0.36552638037539964,2024
2024-11-26,0.3677060777484698,2024
2024-11-27,0.37769213325301354,2024
2024-11-28,0.40260531487577955,2024
2024-11-29,0.41582543226940377,2024
2024-12-02,0.4182114674259131,2024
2024-12-03,0.40721411141659897,2024
2024-12-04,0.3959833000641694,2024
2024-12-05,0.3994637970892584,2024
2024-12-06,0.409406903838461,2024
2024-12-09,0.39957205237787724,2024
2024-12-10,0.40035997991028943,2024
2024-12-11,0.4090013861538471,2024
2024-12-12,0.41838143663128463,2024
2024-12-13,0.41410153726165777,2024
2024-12-16,0.40804998540070847,2024
2024-12-17,0.40187346150415404,2024
2024-12-18,0.4287959762211442,2024
2024-12-19,0.43426107466328934,2024
2024-12-20,0.4291999249743388,2024
2024-12-23,0.4259167105212258,2024
2024-12-26,0.43152576085377375,2024
2024-12-27,0.42040674802389494,2024
2024-12-30,0.4123517534836597,2024
2025-01-02,0.4084406967933423,2025
2025-01-03,0.40322212053744505,2025
2025-01-06,0.41534249315153415,2025
2025-01-07,0.41909713525117465,2025
2025-01-08,0.4111490733033339,2025
2025-01-09,0.4122112523637973,2025
2025-01-10,0.40672006873346644,2025
2025-01-13,0.4002944966767664,2025
2025-01-14,0.4044107145693603,2025
2025-01-15,0.41357421731719546,2025
2025-01-16,0.42399511337446943,2025
2025-01-17,0.41170371137895134,2025
2025-01-20,0.41527479609980344,2025
2025-01-21,0.3800284125624862,2025
2025-01-22,0.37858834009212716,2025
2025-01-23,0.3800684629951979,2025
2025-01-24,0.3688946948933616,2025
2025-01-27,0.3759857332821379,2025
2025-01-28,0.37782726159077373,2025
2025-01-29,0.3823164782673518,2025
2025-01-30,0.3859837402467553,2025
2025-01-31,0.3844938781573315,2025
2025-02-03,0.369860440348861,2025
2025-02-04,0.3662627422050507,2025
2025-02-05,0.35846592979447334,2025
2025-02-06,0.35795931494422095,2025
2025-02-07,0.35478239661910715,2025
2025-02-10,0.35652694828043174,2025
2025-02-11,0.36011220979617975,2025
2025-02-12,0.348742727375197,2025
2025-02-13,0.33681561516578595,2025
2025-02-14,0.34582102011656346,2025
2025-02-17,0.353915620045581,2025
2025-02-18,0.3535963007926954,2025
2025-02-19,0.35837082735785186,2025
2025-02-20,0.3514738393846185,2025
2025-02-21,0.3514781511160467,2025
2025-02-24,0.35378031487596423,2025
2025-02-25,0.348470169463592,2025
2025-02-26,0.3617941658894114,2025
2025-02-27,0.3452450380085602,2025
2025-02-28,0.3601812050037323,2025
2025-03-05,0.36151679847507723,2025
2025-03-06,0.3665719513336329,2025
2025-03-07,0.367442622921355,2025
2025-03-10,0.3531965038980013,2025
2025-03-11,0.3602956373899267,2025
2025-03-12,0.35990317278845474,2025
2025-03-13,0.3555347690722715,2025
2025-03-14,0.3731103486153459,2025
2025-03-17,0.3734302660668482,2025
2025-03-18,0.3760994785880145,2025
2025-03-19,0.3775551900500498,2025
2025-03-20,0.37474537829141635,2025
2025-03-21,0.3729604442489569,2025
2025-03-24,0.36687196547791706,2025
2025-03-25,0.370280783633528,2025
2025-03-26,0.36059551291782893,2025
2025-03-27,0.35920417008958255,2025
2025-03-28,0.3487739320897901,2025
2025-03-31,0.3512588005000749,2025
2025-04-01,0.3377936360363167,2025
2025-04-02,0.34501220242763314,2025
2025-04-03,0.34316925941788995,2025
2025-04-04,0.3760400628834627,2025
2025-04-07,0.37626250062788424,2025
2025-04-08,0.3726153492566242,2025
2025-04-09,0.3841878299187009,2025
2025-04-10,0.3896153376557271,2025
2025-04-11,0.3779210008006302,2025
2025-04-14,0.3744434861042919,2025
2025-04-15,0.3755585903292709,2025
2025-04-16,0.3709281922499881,2025
2025-04-17,0.3737175224038932,2025
2025-04-22,0.3766414121630338,2025
2025-04-23,0.3755513188318699,2025
2025-04-24,0.3798813818031057,2025
2025-04-25,0.38274716549549437,2025
2025-04-28,0.38747221630222917,2025
2025-04-29,0.38707043702871263,2025
2025-04-30,0.3874444128813916,2025
2025-05-02,0.3965815939341254,2025
2025-05-05,0.40223841737249644,2025
2025-05-06,0.39051742237026166,2025
2025-05-07,0.37183220973267755,2025
2025-05-08,0.37630164498628027,2025
2025-05-09,0.3658888699235819,2025
2025-05-12,0.36890694015471964,2025
2025-05-13,0.3675737403782957,2025
2025-05-14,0.3818391847238879,2025
2025-05-15,0.39131400288050266,2025
2025-05-16,0.38647363286193304,2025
2025-05-19,0.3772583722932384,2025
2025-05-20,0.3814555721787428,2025
2025-05-21,0.39473426247303744,2025
2025-05-22,0.3886913739411923,2025
2025-05-23,0.38243753562013105,2025
2025-05-26,0.3900573021705783,2025
2025-05-27,0.38788771779051634,2025
2025-05-28,0.38746979558755784,2025
2025-05-29,0.3875788712834453,2025
2025-05-30,0.3813543195593092,2025
2025-06-02,0.37703639616875195,2025
2025-06-03,0.37333942834684863,2025
2025-06-04,0.367484848920427,2025
2025-06-05,0.3606356670244699,2025
2025-06-06,0.35420265694849207,2025
2025-06-09,0.3491788832044903,2025
2025-06-10,0.34109934007043335,2025
2025-06-11,0.3341062551947094,2025
2025-06-12,0.32150909066756317,2025
2025-06-13,0.3140193187862667,2025
2025-06-16,0.3204324236303241,2025
2025-06-17,0.31748756017829616,2025
2025-06-18,0.3083887475816582,2025
2025-06-20,0.31027610510677023,2025
2025-06-23,0.3114135427259477,2025
2025-06-24,0.31081092188884746,2025
2025-06-25,0.30396913828470223,2025
2025-06-26,0.30518701223829836,2025
2025-06-27,0.3024791125909652,2025
2025-06-30,0.3005442639068006,2025
2025-07-01,0.3002685406840467,2025
2025-07-02,0.3050017930497968,2025
2025-07-03,0.30868098367035035,2025
2025-07-04,0.29631073529402935,2025
2025-07-07,0.3041965672280087,2025
2025-07-08,0.30602382913352194,2025
2025-07-09,0.30561490300081173,2025
2025-07-10,0.3076149461209864,2025
2025-07-11,0.31100902290294014,2025
2025-07-14,0.3048411553409391,2025
2025-07-15,0.30430298844132375,2025
2025-07-16,0.3020453119423012,2025
2025-07-17,0.2970895344562463,2025
2025-07-18,0.30853559596754765,2025
2025-07-21,0.31091045149582147,2025
2025-07-22,0.3028942951867659,2025
2025-07-23,0.3119522962252115,2025
2025-07-24,0.3077156044153496,2025
2025-07-25,0.30617162224163813,2025
2025-07-28,0.3008741595651992,2025
2025-07-29,0.3013887088564331,2025
2025-07-30,0.29845643735266575,2025
2025-07-31,0.29212428517935024,2025
2025-08-01,0.29292149289584,2025
2025-08-04,0.293486687717358,2025
2025-08-05,0.295386165469002,2025
2025-08-06,0.3034619465204895,2025
2025-08-07,0.3112358185423453,2025
2025-08-08,0.3201363487014985,2025
2025-08-11,0.32824062743313676,2025
2025-08-12,0.3313735798637636,2025
2025-08-13,0.34454429343669496,2025
2025-08-14,0.34536718690613105,2025
2025-08-15,0.34024202340011983,2025
2025-08-18,0.3472052113953246,2025
2025-08-19,0.3567009107856294,2025
2025-08-20,0.3549722334297428,2025
2025-08-21,0.347319155316669,2025
2025-08-22,0.36238540229465155,2025
2025-08-25,0.35551381577744756,2025
2025-08-26,0.3486999092109865,2025
2025-08-27,0.3514593200019793,2025
2025-08-28,0.3624092830310149,2025
2025-08-29,0.3534050149902535,2025
2025-09-01,0.35651621432510433,2025
2025-09-02,0.347821533879642,2025
2025-09-03,0.3510646254729698,2025
2025-09-04,0.34908699711507557,2025
2025-09-05,0.33819257218972554,2025
2025-09-08,0.34527266107770777,2025
2025-09-09,0.34081563004858145,2025
2025-09-10,0.3291238899272927,2025
2025-09-11,0.3219026830135495,2025
2025-09-12,0.31335858583038056,2025
2025-09-15,0.31277247837450445,2025
2025-09-16,0.29674333318831325,2025
2025-09-17,0.2917331820544055,2025
2025-09-18,0.29649484569863843,2025
2025-09-19,0.27668245255701784,2025
2025-09-22,0.29072000353285316,2025
2025-09-23,0.2904611239067201,2025
2025-09-24,0.2858591071824028,2025
2025-09-25,0.2834120338899499,2025
2025-09-26,0.27820626224952283,2025
2025-09-29,0.28048709336276356,2025
2025-09-30,0.27061263975944266,2025
2025-10-01,0.2752382876423658,2025
2025-10-02,0.27658532284489035,2025
2025-10-03,0.2755068596322236,2025
2025-10-06,0.2679699481641796,2025
