time,price
0.000000000000000000e+00,6.099333484088565642e-04
2.500000000000000052e-03,-2.075363753672092391e-03
5.000000000000000104e-03,1.506855405509856683e-03
7.499999999999999722e-03,1.887067545518176072e-03
1.000000000000000021e-02,-3.896162066894312461e-03
1.250000000000000069e-02,-2.598465604472469364e-03
1.499999999999999944e-02,2.615444132643498262e-04
1.750000000000000167e-02,-6.266513800797730892e-04
2.000000000000000042e-02,-2.779831272357393172e-05
2.249999999999999917e-02,-1.700313655184544160e-03
2.500000000000000139e-02,1.764540347365885394e-03
2.750000000000000014e-02,1.561283565014543297e-03
2.999999999999999889e-02,1.377312869566911155e-04
3.250000000000000111e-02,2.260107602286743397e-03
3.500000000000000333e-02,9.406066199517841087e-04
3.749999999999999861e-02,-1.713034243221768244e-03
4.000000000000000083e-02,7.430075472261243961e-04
4.250000000000000305e-02,-1.912311376661049661e-03
4.499999999999999833e-02,1.762302273547314887e-03
4.750000000000000056e-02,-9.449485452331756450e-05
5.000000000000000278e-02,-3.644273642861082900e-04
5.249999999999999806e-02,-1.356695836454214479e-03
5.500000000000000028e-02,2.450096918089790087e-03
5.750000000000000250e-02,-3.041937350078130421e-04
5.999999999999999778e-02,-8.519394268083616733e-04
6.250000000000000000e-02,-6.996998950705448327e-04
6.500000000000000222e-02,1.069036565400673317e-03
6.750000000000000444e-02,7.351424102490001795e-04
7.000000000000000666e-02,8.295555919396879621e-04
7.249999999999999500e-02,8.655684619903443542e-04
7.499999999999999722e-02,4.287042843781175595e-03
7.749999999999999944e-02,-8.092612046633046712e-04
8.000000000000000167e-02,-1.021095443971474460e-03
8.250000000000000389e-02,-1.624349157419675144e-03
8.500000000000000611e-02,1.234961429131551606e-03
8.750000000000000833e-02,2.260753454326823453e-03
8.999999999999999667e-02,-2.252872121008268240e-04
9.249999999999999889e-02,-1.677913866972846656e-03
9.500000000000000111e-02,-1.646779411267580446e-03
9.750000000000000333e-02,1.303159979507586934e-03
1.000000000000000056e-01,1.488259228847161730e-03
1.025000000000000078e-01,1.087821004471565579e-03
1.049999999999999961e-01,-1.329730464134120781e-03
1.074999999999999983e-01,4.653731779976057951e-04
1.100000000000000006e-01,2.341762809859242276e-04
1.125000000000000028e-01,4.379359870027951687e-04
1.150000000000000050e-01,1.743163029700853586e-03
1.175000000000000072e-01,4.472283504523491418e-04
1.199999999999999956e-01,1.357611059306478886e-03
1.224999999999999978e-01,1.346738512389828693e-04
1.250000000000000000e-01,5.774788381590820457e-04
1.275000000000000022e-01,1.261540820974108371e-03
1.300000000000000044e-01,-2.915615491315794779e-03
1.325000000000000067e-01,-6.409145052205535674e-04
1.350000000000000089e-01,-9.426005031542250253e-04
1.375000000000000111e-01,-1.279894013118000997e-03
1.400000000000000133e-01,-5.527059411473677361e-04
1.425000000000000155e-01,2.987163160550914721e-03
1.449999999999999900e-01,-1.734679716528240642e-03
1.474999999999999922e-01,1.933241200817330469e-03
1.499999999999999944e-01,-3.369367975982311310e-03
1.524999999999999967e-01,-6.737263182685162850e-04
1.549999999999999989e-01,3.212294969473769362e-04
1.575000000000000011e-01,1.167832753329060532e-03
1.600000000000000033e-01,1.417498523488755708e-03
1.625000000000000056e-01,1.581382206434243714e-03
1.650000000000000078e-01,-7.031200363311341768e-04
1.675000000000000100e-01,-9.307534567738365121e-04
1.700000000000000122e-01,1.709521911459162572e-03
1.725000000000000144e-01,-3.894408321706089638e-04
1.750000000000000167e-01,-2.558622061596650503e-03
1.774999999999999911e-01,-2.274241075441196022e-03
1.799999999999999933e-01,-1.847018254273272760e-03
1.824999999999999956e-01,9.857458698404688614e-04
1.849999999999999978e-01,2.758064672964649459e-04
1.875000000000000000e-01,1.371426514390877141e-03
1.900000000000000022e-01,-8.645561258983187284e-04
1.925000000000000044e-01,3.064921071251997214e-04
1.950000000000000067e-01,1.240034719361675364e-03
1.975000000000000089e-01,-6.304277438806318162e-04
2.000000000000000111e-01,9.011825113239293160e-04
2.025000000000000133e-01,-1.336905299339113170e-03
2.050000000000000155e-01,-7.398763660732588258e-04
2.075000000000000178e-01,-7.779969695800627045e-04
2.099999999999999922e-01,-2.406975333143563951e-03
2.124999999999999944e-01,9.578293557400174071e-04
2.149999999999999967e-01,-9.557696524246432580e-04
2.174999999999999989e-01,7.114294603354596601e-06
2.200000000000000011e-01,9.426806018045852170e-04
2.225000000000000033e-01,8.732661594138615979e-04
2.250000000000000056e-01,1.310065054466721295e-03
2.275000000000000078e-01,-2.184360917185847878e-04
2.300000000000000100e-01,-8.685087816238605107e-04
2.325000000000000122e-01,-1.815869979274526336e-04
2.350000000000000144e-01,-3.396953554481458876e-03
2.375000000000000167e-01,-2.916807654635450876e-03
2.399999999999999911e-01,-2.668145847271213063e-03
2.424999999999999933e-01,-2.017284981248953449e-03
2.449999999999999956e-01,7.767422262396893881e-04
2.474999999999999978e-01,-1.834405087858640825e-03
2.500000000000000000e-01,-7.804426374710218307e-04
2.525000000000000022e-01,2.573646162184374617e-03
2.550000000000000044e-01,-7.380908841508975176e-04
2.575000000000000067e-01,1.448663532201659686e-03
2.600000000000000089e-01,-1.894482133262704541e-03
2.625000000000000111e-01,-4.390606621334228665e-04
2.650000000000000133e-01,-1.929257836341700732e-03
2.675000000000000155e-01,-7.084123665723957627e-04
2.700000000000000178e-01,1.649048164925624770e-03
2.725000000000000200e-01,-3.487550060881309828e-03
2.750000000000000222e-01,8.344777587981051055e-04
2.775000000000000244e-01,4.394774498008167853e-04
2.800000000000000266e-01,-1.226111607922977364e-03
2.825000000000000289e-01,-2.931953963228661059e-03
2.850000000000000311e-01,1.021706856357163396e-04
2.875000000000000333e-01,-1.103606945322581747e-03
2.899999999999999800e-01,4.179145760487939219e-04
2.924999999999999822e-01,-6.885151206227036152e-06
2.949999999999999845e-01,3.149444215766373026e-03
2.974999999999999867e-01,-5.367438272154882815e-04
2.999999999999999889e-01,-2.109423400065354570e-03
3.024999999999999911e-01,2.912352742194255269e-04
3.049999999999999933e-01,3.672086460921814900e-04
3.074999999999999956e-01,2.639510754862434572e-03
3.099999999999999978e-01,1.584563166706323863e-03
3.125000000000000000e-01,6.205279044509046365e-04
3.150000000000000022e-01,2.825009665419470246e-03
3.175000000000000044e-01,-2.488174681090617613e-03
3.200000000000000067e-01,-1.399807590398024614e-03
3.225000000000000089e-01,-1.983715857191543051e-03
3.250000000000000111e-01,-9.210390766217471572e-04
3.275000000000000133e-01,-2.906235857219703709e-03
3.300000000000000155e-01,1.105465248502465921e-03
3.325000000000000178e-01,-6.215829478894107068e-04
3.350000000000000200e-01,-3.128920185211981047e-03
3.375000000000000222e-01,-2.225566161930616488e-03
3.400000000000000244e-01,4.348399684027403917e-04
3.425000000000000266e-01,1.488803978550755748e-03
3.450000000000000289e-01,3.812911863778318394e-03
3.475000000000000311e-01,5.656249819576457394e-03
3.500000000000000333e-01,6.687580435882781518e-04
3.524999999999999800e-01,-2.126083645821632249e-03
3.549999999999999822e-01,-4.396467026928163949e-03
3.574999999999999845e-01,4.202145969174384639e-04
3.599999999999999867e-01,-1.721249622261277010e-03
3.624999999999999889e-01,-9.034545387271380274e-04
3.649999999999999911e-01,-1.271646345941424136e-03
3.674999999999999933e-01,-3.007372155474616923e-04
3.699999999999999956e-01,2.143933544594543716e-03
3.724999999999999978e-01,3.595829294349092448e-04
3.750000000000000000e-01,-2.363936216977684593e-04
3.775000000000000022e-01,-1.954579259439617484e-03
3.800000000000000044e-01,-3.197694420197135824e-03
3.825000000000000067e-01,-7.893836895265140662e-04
3.850000000000000089e-01,1.025338206160140406e-04
3.875000000000000111e-01,3.769614342807654350e-03
3.900000000000000133e-01,5.112685306128554640e-04
3.925000000000000155e-01,2.225109404107120017e-03
3.950000000000000178e-01,-7.296624904323384658e-04
3.975000000000000200e-01,-2.086817624215122225e-03
4.000000000000000222e-01,-1.625303612374442205e-03
4.025000000000000244e-01,-1.110236267274173618e-03
4.050000000000000266e-01,4.689974659744139060e-03
4.075000000000000289e-01,-6.508105083549307803e-04
4.100000000000000311e-01,2.995828030675967701e-03
4.125000000000000333e-01,-2.878358124538075297e-04
4.150000000000000355e-01,3.289000887484785571e-03
4.174999999999999822e-01,1.929994584055751009e-03
4.199999999999999845e-01,5.550670215135006334e-04
4.224999999999999867e-01,4.776633732700560019e-04
4.249999999999999889e-01,-1.075560104890000259e-03
4.274999999999999911e-01,9.395226449799997824e-04
4.299999999999999933e-01,-8.305661232601427909e-04
4.324999999999999956e-01,-2.336912170597088122e-03
4.349999999999999978e-01,-2.412563230857408657e-03
4.375000000000000000e-01,5.199739068286689768e-04
4.400000000000000022e-01,3.366970132888466236e-03
4.425000000000000044e-01,5.674244593513136804e-04
4.450000000000000067e-01,1.002346488208842698e-04
4.475000000000000089e-01,1.044339464015724313e-03
4.500000000000000111e-01,3.231854536174727597e-03
4.525000000000000133e-01,1.203887475967611300e-03
4.550000000000000155e-01,8.400947904831546249e-05
4.575000000000000178e-01,3.266678112391964081e-03
4.600000000000000200e-01,2.058524117405557442e-03
4.625000000000000222e-01,4.346075356127146461e-03
4.650000000000000244e-01,1.759615687359614286e-03
4.675000000000000266e-01,-6.786875641924959741e-04
4.700000000000000289e-01,-1.582685003437469401e-04
4.725000000000000311e-01,4.368182959494237502e-03
4.750000000000000333e-01,-2.155348705127589203e-03
4.775000000000000355e-01,-1.314374299256709268e-02
4.799999999999999822e-01,-1.383131789626596345e-02
4.824999999999999845e-01,-6.104287020812684816e-03
4.849999999999999867e-01,-9.134242776574005504e-03
4.874999999999999889e-01,-2.033382248378491283e-02
4.899999999999999911e-01,1.691867948688098935e-02
4.924999999999999933e-01,-1.576442276011966181e-02
4.949999999999999956e-01,-2.125398733190129313e-02
4.974999999999999978e-01,5.489415773007728927e-02
5.000000000000000000e-01,9.157344534552365467e-03
